municipio;distrito;tipo;caminho_relativo;url;motivo
Albergaria-a-Velha;Aveiro;OSM:gis_osm_natural_a_free_1;data/Aveiro/Albergaria-a-Velha/OSM_gis_osm_natural_a_free_1_Albergaria-a-Velha.zip;http://localhost:8000/data/Aveiro/Albergaria-a-Velha/OSM_gis_osm_natural_a_free_1_Albergaria-a-Velha.zip;HTTP 404
Anadia;Aveiro;OSM:gis_osm_natural_a_free_1;data/Aveiro/Anadia/OSM_gis_osm_natural_a_free_1_Anadia.zip;http://localhost:8000/data/Aveiro/Anadia/OSM_gis_osm_natural_a_free_1_Anadia.zip;HTTP 404
Anadia;Aveiro;OSM:gis_osm_places_a_free_1;data/Aveiro/Anadia/OSM_gis_osm_places_a_free_1_Anadia.zip;http://localhost:8000/data/Aveiro/Anadia/OSM_gis_osm_places_a_free_1_Anadia.zip;HTTP 404
Anadia;Aveiro;OSM:gis_osm_protected_areas_a_free_1;data/Aveiro/Anadia/OSM_gis_osm_protected_areas_a_free_1_Anadia.zip;http://localhost:8000/data/Aveiro/Anadia/OSM_gis_osm_protected_areas_a_free_1_Anadia.zip;HTTP 404
Arouca;Aveiro;OSM:gis_osm_railways_free_1;data/Aveiro/Arouca/OSM_gis_osm_railways_free_1_Arouca.zip;http://localhost:8000/data/Aveiro/Arouca/OSM_gis_osm_railways_free_1_Arouca.zip;HTTP 404
Castelo de Paiva;Aveiro;OSM:gis_osm_railways_free_1;data/Aveiro/Castelo_de_Paiva/OSM_gis_osm_railways_free_1_Castelo_de_Paiva.zip;http://localhost:8000/data/Aveiro/Castelo_de_Paiva/OSM_gis_osm_railways_free_1_Castelo_de_Paiva.zip;HTTP 404
Estarreja;Aveiro;OSM:gis_osm_natural_a_free_1;data/Aveiro/Estarreja/OSM_gis_osm_natural_a_free_1_Estarreja.zip;http://localhost:8000/data/Aveiro/Estarreja/OSM_gis_osm_natural_a_free_1_Estarreja.zip;HTTP 404
Estarreja;Aveiro;OSM:gis_osm_protected_areas_a_free_1;data/Aveiro/Estarreja/OSM_gis_osm_protected_areas_a_free_1_Estarreja.zip;http://localhost:8000/data/Aveiro/Estarreja/OSM_gis_osm_protected_areas_a_free_1_Estarreja.zip;HTTP 404
Murtosa;Aveiro;OSM:gis_osm_places_a_free_1;data/Aveiro/Murtosa/OSM_gis_osm_places_a_free_1_Murtosa.zip;http://localhost:8000/data/Aveiro/Murtosa/OSM_gis_osm_places_a_free_1_Murtosa.zip;HTTP 404
Murtosa;Aveiro;OSM:gis_osm_railways_free_1;data/Aveiro/Murtosa/OSM_gis_osm_railways_free_1_Murtosa.zip;http://localhost:8000/data/Aveiro/Murtosa/OSM_gis_osm_railways_free_1_Murtosa.zip;HTTP 404
Oliveira de Azeméis;Aveiro;OSM:gis_osm_natural_a_free_1;data/Aveiro/Oliveira_de_Azeméis/OSM_gis_osm_natural_a_free_1_Oliveira_de_Azeméis.zip;http://localhost:8000/data/Aveiro/Oliveira_de_Azem%C3%A9is/OSM_gis_osm_natural_a_free_1_Oliveira_de_Azem%C3%A9is.zip;HTTP 404
Oliveira de Azeméis;Aveiro;OSM:gis_osm_protected_areas_a_free_1;data/Aveiro/Oliveira_de_Azeméis/OSM_gis_osm_protected_areas_a_free_1_Oliveira_de_Azeméis.zip;http://localhost:8000/data/Aveiro/Oliveira_de_Azem%C3%A9is/OSM_gis_osm_protected_areas_a_free_1_Oliveira_de_Azem%C3%A9is.zip;HTTP 404
Oliveira do Bairro;Aveiro;OSM:gis_osm_natural_a_free_1;data/Aveiro/Oliveira_do_Bairro/OSM_gis_osm_natural_a_free_1_Oliveira_do_Bairro.zip;http://localhost:8000/data/Aveiro/Oliveira_do_Bairro/OSM_gis_osm_natural_a_free_1_Oliveira_do_Bairro.zip;HTTP 404
Oliveira do Bairro;Aveiro;OSM:gis_osm_places_a_free_1;data/Aveiro/Oliveira_do_Bairro/OSM_gis_osm_places_a_free_1_Oliveira_do_Bairro.zip;http://localhost:8000/data/Aveiro/Oliveira_do_Bairro/OSM_gis_osm_places_a_free_1_Oliveira_do_Bairro.zip;HTTP 404
Oliveira do Bairro;Aveiro;OSM:gis_osm_protected_areas_a_free_1;data/Aveiro/Oliveira_do_Bairro/OSM_gis_osm_protected_areas_a_free_1_Oliveira_do_Bairro.zip;http://localhost:8000/data/Aveiro/Oliveira_do_Bairro/OSM_gis_osm_protected_areas_a_free_1_Oliveira_do_Bairro.zip;HTTP 404
Ovar;Aveiro;OSM:gis_osm_protected_areas_a_free_1;data/Aveiro/Ovar/OSM_gis_osm_protected_areas_a_free_1_Ovar.zip;http://localhost:8000/data/Aveiro/Ovar/OSM_gis_osm_protected_areas_a_free_1_Ovar.zip;HTTP 404
Santa Maria da Feira;Aveiro;OSM:gis_osm_protected_areas_a_free_1;data/Aveiro/Santa_Maria_da_Feira/OSM_gis_osm_protected_areas_a_free_1_Santa_Maria_da_Feira.zip;http://localhost:8000/data/Aveiro/Santa_Maria_da_Feira/OSM_gis_osm_protected_areas_a_free_1_Santa_Maria_da_Feira.zip;HTTP 404
Sever do Vouga;Aveiro;OSM:gis_osm_places_a_free_1;data/Aveiro/Sever_do_Vouga/OSM_gis_osm_places_a_free_1_Sever_do_Vouga.zip;http://localhost:8000/data/Aveiro/Sever_do_Vouga/OSM_gis_osm_places_a_free_1_Sever_do_Vouga.zip;HTTP 404
Sever do Vouga;Aveiro;OSM:gis_osm_railways_free_1;data/Aveiro/Sever_do_Vouga/OSM_gis_osm_railways_free_1_Sever_do_Vouga.zip;http://localhost:8000/data/Aveiro/Sever_do_Vouga/OSM_gis_osm_railways_free_1_Sever_do_Vouga.zip;HTTP 404
São João da Madeira;Aveiro;OSM:gis_osm_natural_a_free_1;data/Aveiro/São_João_da_Madeira/OSM_gis_osm_natural_a_free_1_São_João_da_Madeira.zip;http://localhost:8000/data/Aveiro/S%C3%A3o_Jo%C3%A3o_da_Madeira/OSM_gis_osm_natural_a_free_1_S%C3%A3o_Jo%C3%A3o_da_Madeira.zip;HTTP 404
São João da Madeira;Aveiro;OSM:gis_osm_places_a_free_1;data/Aveiro/São_João_da_Madeira/OSM_gis_osm_places_a_free_1_São_João_da_Madeira.zip;http://localhost:8000/data/Aveiro/S%C3%A3o_Jo%C3%A3o_da_Madeira/OSM_gis_osm_places_a_free_1_S%C3%A3o_Jo%C3%A3o_da_Madeira.zip;HTTP 404
São João da Madeira;Aveiro;OSM:gis_osm_protected_areas_a_free_1;data/Aveiro/São_João_da_Madeira/OSM_gis_osm_protected_areas_a_free_1_São_João_da_Madeira.zip;http://localhost:8000/data/Aveiro/S%C3%A3o_Jo%C3%A3o_da_Madeira/OSM_gis_osm_protected_areas_a_free_1_S%C3%A3o_Jo%C3%A3o_da_Madeira.zip;HTTP 404
Vagos;Aveiro;OSM:gis_osm_protected_areas_a_free_1;data/Aveiro/Vagos/OSM_gis_osm_protected_areas_a_free_1_Vagos.zip;http://localhost:8000/data/Aveiro/Vagos/OSM_gis_osm_protected_areas_a_free_1_Vagos.zip;HTTP 404
Vagos;Aveiro;OSM:gis_osm_railways_free_1;data/Aveiro/Vagos/OSM_gis_osm_railways_free_1_Vagos.zip;http://localhost:8000/data/Aveiro/Vagos/OSM_gis_osm_railways_free_1_Vagos.zip;HTTP 404
Vale de Cambra;Aveiro;OSM:gis_osm_railways_free_1;data/Aveiro/Vale_de_Cambra/OSM_gis_osm_railways_free_1_Vale_de_Cambra.zip;http://localhost:8000/data/Aveiro/Vale_de_Cambra/OSM_gis_osm_railways_free_1_Vale_de_Cambra.zip;HTTP 404
Águeda;Aveiro;OSM:gis_osm_places_a_free_1;data/Aveiro/Águeda/OSM_gis_osm_places_a_free_1_Águeda.zip;http://localhost:8000/data/Aveiro/%C3%81gueda/OSM_gis_osm_places_a_free_1_%C3%81gueda.zip;HTTP 404
Ílhavo;Aveiro;OSM:gis_osm_places_a_free_1;data/Aveiro/Ílhavo/OSM_gis_osm_places_a_free_1_Ílhavo.zip;http://localhost:8000/data/Aveiro/%C3%8Dlhavo/OSM_gis_osm_places_a_free_1_%C3%8Dlhavo.zip;HTTP 404
Ílhavo;Aveiro;OSM:gis_osm_protected_areas_a_free_1;data/Aveiro/Ílhavo/OSM_gis_osm_protected_areas_a_free_1_Ílhavo.zip;http://localhost:8000/data/Aveiro/%C3%8Dlhavo/OSM_gis_osm_protected_areas_a_free_1_%C3%8Dlhavo.zip;HTTP 404
Aljustrel;Beja;OSM:gis_osm_natural_a_free_1;data/Beja/Aljustrel/OSM_gis_osm_natural_a_free_1_Aljustrel.zip;http://localhost:8000/data/Beja/Aljustrel/OSM_gis_osm_natural_a_free_1_Aljustrel.zip;HTTP 404
Aljustrel;Beja;OSM:gis_osm_places_a_free_1;data/Beja/Aljustrel/OSM_gis_osm_places_a_free_1_Aljustrel.zip;http://localhost:8000/data/Beja/Aljustrel/OSM_gis_osm_places_a_free_1_Aljustrel.zip;HTTP 404
Aljustrel;Beja;OSM:gis_osm_railways_free_1;data/Beja/Aljustrel/OSM_gis_osm_railways_free_1_Aljustrel.zip;http://localhost:8000/data/Beja/Aljustrel/OSM_gis_osm_railways_free_1_Aljustrel.zip;HTTP 404
Almodôvar;Beja;OSM:gis_osm_natural_a_free_1;data/Beja/Almodôvar/OSM_gis_osm_natural_a_free_1_Almodôvar.zip;http://localhost:8000/data/Beja/Almod%C3%B4var/OSM_gis_osm_natural_a_free_1_Almod%C3%B4var.zip;HTTP 404
Almodôvar;Beja;OSM:gis_osm_places_a_free_1;data/Beja/Almodôvar/OSM_gis_osm_places_a_free_1_Almodôvar.zip;http://localhost:8000/data/Beja/Almod%C3%B4var/OSM_gis_osm_places_a_free_1_Almod%C3%B4var.zip;HTTP 404
Alvito;Beja;OSM:gis_osm_natural_a_free_1;data/Beja/Alvito/OSM_gis_osm_natural_a_free_1_Alvito.zip;http://localhost:8000/data/Beja/Alvito/OSM_gis_osm_natural_a_free_1_Alvito.zip;HTTP 404
Alvito;Beja;OSM:gis_osm_protected_areas_a_free_1;data/Beja/Alvito/OSM_gis_osm_protected_areas_a_free_1_Alvito.zip;http://localhost:8000/data/Beja/Alvito/OSM_gis_osm_protected_areas_a_free_1_Alvito.zip;HTTP 404
Barrancos;Beja;OSM:gis_osm_natural_a_free_1;data/Beja/Barrancos/OSM_gis_osm_natural_a_free_1_Barrancos.zip;http://localhost:8000/data/Beja/Barrancos/OSM_gis_osm_natural_a_free_1_Barrancos.zip;HTTP 404
Barrancos;Beja;OSM:gis_osm_places_a_free_1;data/Beja/Barrancos/OSM_gis_osm_places_a_free_1_Barrancos.zip;http://localhost:8000/data/Beja/Barrancos/OSM_gis_osm_places_a_free_1_Barrancos.zip;HTTP 404
Barrancos;Beja;OSM:gis_osm_railways_free_1;data/Beja/Barrancos/OSM_gis_osm_railways_free_1_Barrancos.zip;http://localhost:8000/data/Beja/Barrancos/OSM_gis_osm_railways_free_1_Barrancos.zip;HTTP 404
Castro Verde;Beja;OSM:gis_osm_natural_a_free_1;data/Beja/Castro_Verde/OSM_gis_osm_natural_a_free_1_Castro_Verde.zip;http://localhost:8000/data/Beja/Castro_Verde/OSM_gis_osm_natural_a_free_1_Castro_Verde.zip;HTTP 404
Cuba;Beja;OSM:gis_osm_places_a_free_1;data/Beja/Cuba/OSM_gis_osm_places_a_free_1_Cuba.zip;http://localhost:8000/data/Beja/Cuba/OSM_gis_osm_places_a_free_1_Cuba.zip;HTTP 404
Ferreira do Alentejo;Beja;OSM:gis_osm_natural_a_free_1;data/Beja/Ferreira_do_Alentejo/OSM_gis_osm_natural_a_free_1_Ferreira_do_Alentejo.zip;http://localhost:8000/data/Beja/Ferreira_do_Alentejo/OSM_gis_osm_natural_a_free_1_Ferreira_do_Alentejo.zip;HTTP 404
Ferreira do Alentejo;Beja;OSM:gis_osm_protected_areas_a_free_1;data/Beja/Ferreira_do_Alentejo/OSM_gis_osm_protected_areas_a_free_1_Ferreira_do_Alentejo.zip;http://localhost:8000/data/Beja/Ferreira_do_Alentejo/OSM_gis_osm_protected_areas_a_free_1_Ferreira_do_Alentejo.zip;HTTP 404
Ferreira do Alentejo;Beja;OSM:gis_osm_railways_free_1;data/Beja/Ferreira_do_Alentejo/OSM_gis_osm_railways_free_1_Ferreira_do_Alentejo.zip;http://localhost:8000/data/Beja/Ferreira_do_Alentejo/OSM_gis_osm_railways_free_1_Ferreira_do_Alentejo.zip;HTTP 404
Moura;Beja;OSM:gis_osm_natural_a_free_1;data/Beja/Moura/OSM_gis_osm_natural_a_free_1_Moura.zip;http://localhost:8000/data/Beja/Moura/OSM_gis_osm_natural_a_free_1_Moura.zip;HTTP 404
Moura;Beja;OSM:gis_osm_railways_free_1;data/Beja/Moura/OSM_gis_osm_railways_free_1_Moura.zip;http://localhost:8000/data/Beja/Moura/OSM_gis_osm_railways_free_1_Moura.zip;HTTP 404
Mértola;Beja;OSM:gis_osm_places_a_free_1;data/Beja/Mértola/OSM_gis_osm_places_a_free_1_Mértola.zip;http://localhost:8000/data/Beja/M%C3%A9rtola/OSM_gis_osm_places_a_free_1_M%C3%A9rtola.zip;HTTP 404
Mértola;Beja;OSM:gis_osm_railways_free_1;data/Beja/Mértola/OSM_gis_osm_railways_free_1_Mértola.zip;http://localhost:8000/data/Beja/M%C3%A9rtola/OSM_gis_osm_railways_free_1_M%C3%A9rtola.zip;HTTP 404
Serpa;Beja;OSM:gis_osm_natural_a_free_1;data/Beja/Serpa/OSM_gis_osm_natural_a_free_1_Serpa.zip;http://localhost:8000/data/Beja/Serpa/OSM_gis_osm_natural_a_free_1_Serpa.zip;HTTP 404
Serpa;Beja;OSM:gis_osm_railways_free_1;data/Beja/Serpa/OSM_gis_osm_railways_free_1_Serpa.zip;http://localhost:8000/data/Beja/Serpa/OSM_gis_osm_railways_free_1_Serpa.zip;HTTP 404
Vidigueira;Beja;OSM:gis_osm_natural_a_free_1;data/Beja/Vidigueira/OSM_gis_osm_natural_a_free_1_Vidigueira.zip;http://localhost:8000/data/Beja/Vidigueira/OSM_gis_osm_natural_a_free_1_Vidigueira.zip;HTTP 404
Vidigueira;Beja;OSM:gis_osm_places_a_free_1;data/Beja/Vidigueira/OSM_gis_osm_places_a_free_1_Vidigueira.zip;http://localhost:8000/data/Beja/Vidigueira/OSM_gis_osm_places_a_free_1_Vidigueira.zip;HTTP 404
Vidigueira;Beja;OSM:gis_osm_railways_free_1;data/Beja/Vidigueira/OSM_gis_osm_railways_free_1_Vidigueira.zip;http://localhost:8000/data/Beja/Vidigueira/OSM_gis_osm_railways_free_1_Vidigueira.zip;HTTP 404
Amares;Braga;OSM:gis_osm_protected_areas_a_free_1;data/Braga/Amares/OSM_gis_osm_protected_areas_a_free_1_Amares.zip;http://localhost:8000/data/Braga/Amares/OSM_gis_osm_protected_areas_a_free_1_Amares.zip;HTTP 404
Amares;Braga;OSM:gis_osm_railways_free_1;data/Braga/Amares/OSM_gis_osm_railways_free_1_Amares.zip;http://localhost:8000/data/Braga/Amares/OSM_gis_osm_railways_free_1_Amares.zip;HTTP 404
Cabeceiras de Basto;Braga;OSM:gis_osm_places_a_free_1;data/Braga/Cabeceiras_de_Basto/OSM_gis_osm_places_a_free_1_Cabeceiras_de_Basto.zip;http://localhost:8000/data/Braga/Cabeceiras_de_Basto/OSM_gis_osm_places_a_free_1_Cabeceiras_de_Basto.zip;HTTP 404
Cabeceiras de Basto;Braga;OSM:gis_osm_railways_free_1;data/Braga/Cabeceiras_de_Basto/OSM_gis_osm_railways_free_1_Cabeceiras_de_Basto.zip;http://localhost:8000/data/Braga/Cabeceiras_de_Basto/OSM_gis_osm_railways_free_1_Cabeceiras_de_Basto.zip;HTTP 404
Celorico de Basto;Braga;OSM:gis_osm_places_a_free_1;data/Braga/Celorico_de_Basto/OSM_gis_osm_places_a_free_1_Celorico_de_Basto.zip;http://localhost:8000/data/Braga/Celorico_de_Basto/OSM_gis_osm_places_a_free_1_Celorico_de_Basto.zip;HTTP 404
Celorico de Basto;Braga;OSM:gis_osm_protected_areas_a_free_1;data/Braga/Celorico_de_Basto/OSM_gis_osm_protected_areas_a_free_1_Celorico_de_Basto.zip;http://localhost:8000/data/Braga/Celorico_de_Basto/OSM_gis_osm_protected_areas_a_free_1_Celorico_de_Basto.zip;HTTP 404
Celorico de Basto;Braga;OSM:gis_osm_railways_free_1;data/Braga/Celorico_de_Basto/OSM_gis_osm_railways_free_1_Celorico_de_Basto.zip;http://localhost:8000/data/Braga/Celorico_de_Basto/OSM_gis_osm_railways_free_1_Celorico_de_Basto.zip;HTTP 404
Esposende;Braga;OSM:gis_osm_railways_free_1;data/Braga/Esposende/OSM_gis_osm_railways_free_1_Esposende.zip;http://localhost:8000/data/Braga/Esposende/OSM_gis_osm_railways_free_1_Esposende.zip;HTTP 404
Fafe;Braga;OSM:gis_osm_places_a_free_1;data/Braga/Fafe/OSM_gis_osm_places_a_free_1_Fafe.zip;http://localhost:8000/data/Braga/Fafe/OSM_gis_osm_places_a_free_1_Fafe.zip;HTTP 404
Fafe;Braga;OSM:gis_osm_protected_areas_a_free_1;data/Braga/Fafe/OSM_gis_osm_protected_areas_a_free_1_Fafe.zip;http://localhost:8000/data/Braga/Fafe/OSM_gis_osm_protected_areas_a_free_1_Fafe.zip;HTTP 404
Fafe;Braga;OSM:gis_osm_railways_free_1;data/Braga/Fafe/OSM_gis_osm_railways_free_1_Fafe.zip;http://localhost:8000/data/Braga/Fafe/OSM_gis_osm_railways_free_1_Fafe.zip;HTTP 404
Póvoa de Lanhoso;Braga;OSM:gis_osm_places_a_free_1;data/Braga/Póvoa_de_Lanhoso/OSM_gis_osm_places_a_free_1_Póvoa_de_Lanhoso.zip;http://localhost:8000/data/Braga/P%C3%B3voa_de_Lanhoso/OSM_gis_osm_places_a_free_1_P%C3%B3voa_de_Lanhoso.zip;HTTP 404
Póvoa de Lanhoso;Braga;OSM:gis_osm_railways_free_1;data/Braga/Póvoa_de_Lanhoso/OSM_gis_osm_railways_free_1_Póvoa_de_Lanhoso.zip;http://localhost:8000/data/Braga/P%C3%B3voa_de_Lanhoso/OSM_gis_osm_railways_free_1_P%C3%B3voa_de_Lanhoso.zip;HTTP 404
Terras de Bouro;Braga;OSM:gis_osm_railways_free_1;data/Braga/Terras_de_Bouro/OSM_gis_osm_railways_free_1_Terras_de_Bouro.zip;http://localhost:8000/data/Braga/Terras_de_Bouro/OSM_gis_osm_railways_free_1_Terras_de_Bouro.zip;HTTP 404
Vieira do Minho;Braga;OSM:gis_osm_railways_free_1;data/Braga/Vieira_do_Minho/OSM_gis_osm_railways_free_1_Vieira_do_Minho.zip;http://localhost:8000/data/Braga/Vieira_do_Minho/OSM_gis_osm_railways_free_1_Vieira_do_Minho.zip;HTTP 404
Vila Verde;Braga;OSM:gis_osm_railways_free_1;data/Braga/Vila_Verde/OSM_gis_osm_railways_free_1_Vila_Verde.zip;http://localhost:8000/data/Braga/Vila_Verde/OSM_gis_osm_railways_free_1_Vila_Verde.zip;HTTP 404
Vizela;Braga;OSM:gis_osm_natural_a_free_1;data/Braga/Vizela/OSM_gis_osm_natural_a_free_1_Vizela.zip;http://localhost:8000/data/Braga/Vizela/OSM_gis_osm_natural_a_free_1_Vizela.zip;HTTP 404
Vizela;Braga;OSM:gis_osm_places_a_free_1;data/Braga/Vizela/OSM_gis_osm_places_a_free_1_Vizela.zip;http://localhost:8000/data/Braga/Vizela/OSM_gis_osm_places_a_free_1_Vizela.zip;HTTP 404
Vizela;Braga;OSM:gis_osm_protected_areas_a_free_1;data/Braga/Vizela/OSM_gis_osm_protected_areas_a_free_1_Vizela.zip;http://localhost:8000/data/Braga/Vizela/OSM_gis_osm_protected_areas_a_free_1_Vizela.zip;HTTP 404
Alfândega da Fé;Bragança;OSM:gis_osm_natural_a_free_1;data/Bragança/Alfândega_da_Fé/OSM_gis_osm_natural_a_free_1_Alfândega_da_Fé.zip;http://localhost:8000/data/Bragan%C3%A7a/Alf%C3%A2ndega_da_F%C3%A9/OSM_gis_osm_natural_a_free_1_Alf%C3%A2ndega_da_F%C3%A9.zip;HTTP 404
Alfândega da Fé;Bragança;OSM:gis_osm_places_a_free_1;data/Bragança/Alfândega_da_Fé/OSM_gis_osm_places_a_free_1_Alfândega_da_Fé.zip;http://localhost:8000/data/Bragan%C3%A7a/Alf%C3%A2ndega_da_F%C3%A9/OSM_gis_osm_places_a_free_1_Alf%C3%A2ndega_da_F%C3%A9.zip;HTTP 404
Alfândega da Fé;Bragança;OSM:gis_osm_railways_free_1;data/Bragança/Alfândega_da_Fé/OSM_gis_osm_railways_free_1_Alfândega_da_Fé.zip;http://localhost:8000/data/Bragan%C3%A7a/Alf%C3%A2ndega_da_F%C3%A9/OSM_gis_osm_railways_free_1_Alf%C3%A2ndega_da_F%C3%A9.zip;HTTP 404
Bragança;Bragança;OSM:gis_osm_natural_a_free_1;data/Bragança/Bragança/OSM_gis_osm_natural_a_free_1_Bragança.zip;http://localhost:8000/data/Bragan%C3%A7a/Bragan%C3%A7a/OSM_gis_osm_natural_a_free_1_Bragan%C3%A7a.zip;HTTP 404
Bragança;Bragança;OSM:gis_osm_places_a_free_1;data/Bragança/Bragança/OSM_gis_osm_places_a_free_1_Bragança.zip;http://localhost:8000/data/Bragan%C3%A7a/Bragan%C3%A7a/OSM_gis_osm_places_a_free_1_Bragan%C3%A7a.zip;HTTP 404
Bragança;Bragança;OSM:gis_osm_railways_free_1;data/Bragança/Bragança/OSM_gis_osm_railways_free_1_Bragança.zip;http://localhost:8000/data/Bragan%C3%A7a/Bragan%C3%A7a/OSM_gis_osm_railways_free_1_Bragan%C3%A7a.zip;HTTP 404
Carrazeda de Ansiães;Bragança;OSM:gis_osm_places_a_free_1;data/Bragança/Carrazeda_de_Ansiães/OSM_gis_osm_places_a_free_1_Carrazeda_de_Ansiães.zip;http://localhost:8000/data/Bragan%C3%A7a/Carrazeda_de_Ansi%C3%A3es/OSM_gis_osm_places_a_free_1_Carrazeda_de_Ansi%C3%A3es.zip;HTTP 404
Freixo de Espada à Cinta;Bragança;OSM:gis_osm_places_a_free_1;data/Bragança/Freixo_de_Espada_à_Cinta/OSM_gis_osm_places_a_free_1_Freixo_de_Espada_à_Cinta.zip;http://localhost:8000/data/Bragan%C3%A7a/Freixo_de_Espada_%C3%A0_Cinta/OSM_gis_osm_places_a_free_1_Freixo_de_Espada_%C3%A0_Cinta.zip;HTTP 404
Freixo de Espada à Cinta;Bragança;OSM:gis_osm_railways_free_1;data/Bragança/Freixo_de_Espada_à_Cinta/OSM_gis_osm_railways_free_1_Freixo_de_Espada_à_Cinta.zip;http://localhost:8000/data/Bragan%C3%A7a/Freixo_de_Espada_%C3%A0_Cinta/OSM_gis_osm_railways_free_1_Freixo_de_Espada_%C3%A0_Cinta.zip;HTTP 404
Macedo de Cavaleiros;Bragança;OSM:gis_osm_railways_free_1;data/Bragança/Macedo_de_Cavaleiros/OSM_gis_osm_railways_free_1_Macedo_de_Cavaleiros.zip;http://localhost:8000/data/Bragan%C3%A7a/Macedo_de_Cavaleiros/OSM_gis_osm_railways_free_1_Macedo_de_Cavaleiros.zip;HTTP 404
Miranda do Douro;Bragança;OSM:gis_osm_places_a_free_1;data/Bragança/Miranda_do_Douro/OSM_gis_osm_places_a_free_1_Miranda_do_Douro.zip;http://localhost:8000/data/Bragan%C3%A7a/Miranda_do_Douro/OSM_gis_osm_places_a_free_1_Miranda_do_Douro.zip;HTTP 404
Miranda do Douro;Bragança;OSM:gis_osm_railways_free_1;data/Bragança/Miranda_do_Douro/OSM_gis_osm_railways_free_1_Miranda_do_Douro.zip;http://localhost:8000/data/Bragan%C3%A7a/Miranda_do_Douro/OSM_gis_osm_railways_free_1_Miranda_do_Douro.zip;HTTP 404
Mirandela;Bragança;OSM:gis_osm_railways_free_1;data/Bragança/Mirandela/OSM_gis_osm_railways_free_1_Mirandela.zip;http://localhost:8000/data/Bragan%C3%A7a/Mirandela/OSM_gis_osm_railways_free_1_Mirandela.zip;HTTP 404
Mogadouro;Bragança;OSM:gis_osm_natural_a_free_1;data/Bragança/Mogadouro/OSM_gis_osm_natural_a_free_1_Mogadouro.zip;http://localhost:8000/data/Bragan%C3%A7a/Mogadouro/OSM_gis_osm_natural_a_free_1_Mogadouro.zip;HTTP 404
Mogadouro;Bragança;OSM:gis_osm_places_a_free_1;data/Bragança/Mogadouro/OSM_gis_osm_places_a_free_1_Mogadouro.zip;http://localhost:8000/data/Bragan%C3%A7a/Mogadouro/OSM_gis_osm_places_a_free_1_Mogadouro.zip;HTTP 404
Mogadouro;Bragança;OSM:gis_osm_railways_free_1;data/Bragança/Mogadouro/OSM_gis_osm_railways_free_1_Mogadouro.zip;http://localhost:8000/data/Bragan%C3%A7a/Mogadouro/OSM_gis_osm_railways_free_1_Mogadouro.zip;HTTP 404
Torre de Moncorvo;Bragança;OSM:gis_osm_places_a_free_1;data/Bragança/Torre_de_Moncorvo/OSM_gis_osm_places_a_free_1_Torre_de_Moncorvo.zip;http://localhost:8000/data/Bragan%C3%A7a/Torre_de_Moncorvo/OSM_gis_osm_places_a_free_1_Torre_de_Moncorvo.zip;HTTP 404
Torre de Moncorvo;Bragança;OSM:gis_osm_railways_free_1;data/Bragança/Torre_de_Moncorvo/OSM_gis_osm_railways_free_1_Torre_de_Moncorvo.zip;http://localhost:8000/data/Bragan%C3%A7a/Torre_de_Moncorvo/OSM_gis_osm_railways_free_1_Torre_de_Moncorvo.zip;HTTP 404
Vila Flor;Bragança;OSM:gis_osm_natural_a_free_1;data/Bragança/Vila_Flor/OSM_gis_osm_natural_a_free_1_Vila_Flor.zip;http://localhost:8000/data/Bragan%C3%A7a/Vila_Flor/OSM_gis_osm_natural_a_free_1_Vila_Flor.zip;HTTP 404
Vila Flor;Bragança;OSM:gis_osm_places_a_free_1;data/Bragança/Vila_Flor/OSM_gis_osm_places_a_free_1_Vila_Flor.zip;http://localhost:8000/data/Bragan%C3%A7a/Vila_Flor/OSM_gis_osm_places_a_free_1_Vila_Flor.zip;HTTP 404
Vila Flor;Bragança;OSM:gis_osm_railways_free_1;data/Bragança/Vila_Flor/OSM_gis_osm_railways_free_1_Vila_Flor.zip;http://localhost:8000/data/Bragan%C3%A7a/Vila_Flor/OSM_gis_osm_railways_free_1_Vila_Flor.zip;HTTP 404
Vimioso;Bragança;OSM:gis_osm_places_a_free_1;data/Bragança/Vimioso/OSM_gis_osm_places_a_free_1_Vimioso.zip;http://localhost:8000/data/Bragan%C3%A7a/Vimioso/OSM_gis_osm_places_a_free_1_Vimioso.zip;HTTP 404
Vimioso;Bragança;OSM:gis_osm_protected_areas_a_free_1;data/Bragança/Vimioso/OSM_gis_osm_protected_areas_a_free_1_Vimioso.zip;http://localhost:8000/data/Bragan%C3%A7a/Vimioso/OSM_gis_osm_protected_areas_a_free_1_Vimioso.zip;HTTP 404
Vimioso;Bragança;OSM:gis_osm_railways_free_1;data/Bragança/Vimioso/OSM_gis_osm_railways_free_1_Vimioso.zip;http://localhost:8000/data/Bragan%C3%A7a/Vimioso/OSM_gis_osm_railways_free_1_Vimioso.zip;HTTP 404
Vinhais;Bragança;OSM:gis_osm_places_a_free_1;data/Bragança/Vinhais/OSM_gis_osm_places_a_free_1_Vinhais.zip;http://localhost:8000/data/Bragan%C3%A7a/Vinhais/OSM_gis_osm_places_a_free_1_Vinhais.zip;HTTP 404
Vinhais;Bragança;OSM:gis_osm_railways_free_1;data/Bragança/Vinhais/OSM_gis_osm_railways_free_1_Vinhais.zip;http://localhost:8000/data/Bragan%C3%A7a/Vinhais/OSM_gis_osm_railways_free_1_Vinhais.zip;HTTP 404
Belmonte;Castelo Branco;OSM:gis_osm_natural_a_free_1;data/Castelo_Branco/Belmonte/OSM_gis_osm_natural_a_free_1_Belmonte.zip;http://localhost:8000/data/Castelo_Branco/Belmonte/OSM_gis_osm_natural_a_free_1_Belmonte.zip;HTTP 404
Belmonte;Castelo Branco;OSM:gis_osm_places_a_free_1;data/Castelo_Branco/Belmonte/OSM_gis_osm_places_a_free_1_Belmonte.zip;http://localhost:8000/data/Castelo_Branco/Belmonte/OSM_gis_osm_places_a_free_1_Belmonte.zip;HTTP 404
Fundão;Castelo Branco;OSM:gis_osm_places_a_free_1;data/Castelo_Branco/Fundão/OSM_gis_osm_places_a_free_1_Fundão.zip;http://localhost:8000/data/Castelo_Branco/Fund%C3%A3o/OSM_gis_osm_places_a_free_1_Fund%C3%A3o.zip;HTTP 404
Idanha-a-Nova;Castelo Branco;OSM:gis_osm_natural_a_free_1;data/Castelo_Branco/Idanha-a-Nova/OSM_gis_osm_natural_a_free_1_Idanha-a-Nova.zip;http://localhost:8000/data/Castelo_Branco/Idanha-a-Nova/OSM_gis_osm_natural_a_free_1_Idanha-a-Nova.zip;HTTP 404
Idanha-a-Nova;Castelo Branco;OSM:gis_osm_railways_free_1;data/Castelo_Branco/Idanha-a-Nova/OSM_gis_osm_railways_free_1_Idanha-a-Nova.zip;http://localhost:8000/data/Castelo_Branco/Idanha-a-Nova/OSM_gis_osm_railways_free_1_Idanha-a-Nova.zip;HTTP 404
Oleiros;Castelo Branco;OSM:gis_osm_places_a_free_1;data/Castelo_Branco/Oleiros/OSM_gis_osm_places_a_free_1_Oleiros.zip;http://localhost:8000/data/Castelo_Branco/Oleiros/OSM_gis_osm_places_a_free_1_Oleiros.zip;HTTP 404
Oleiros;Castelo Branco;OSM:gis_osm_protected_areas_a_free_1;data/Castelo_Branco/Oleiros/OSM_gis_osm_protected_areas_a_free_1_Oleiros.zip;http://localhost:8000/data/Castelo_Branco/Oleiros/OSM_gis_osm_protected_areas_a_free_1_Oleiros.zip;HTTP 404
Oleiros;Castelo Branco;OSM:gis_osm_railways_free_1;data/Castelo_Branco/Oleiros/OSM_gis_osm_railways_free_1_Oleiros.zip;http://localhost:8000/data/Castelo_Branco/Oleiros/OSM_gis_osm_railways_free_1_Oleiros.zip;HTTP 404
Penamacor;Castelo Branco;OSM:gis_osm_places_a_free_1;data/Castelo_Branco/Penamacor/OSM_gis_osm_places_a_free_1_Penamacor.zip;http://localhost:8000/data/Castelo_Branco/Penamacor/OSM_gis_osm_places_a_free_1_Penamacor.zip;HTTP 404
Penamacor;Castelo Branco;OSM:gis_osm_railways_free_1;data/Castelo_Branco/Penamacor/OSM_gis_osm_railways_free_1_Penamacor.zip;http://localhost:8000/data/Castelo_Branco/Penamacor/OSM_gis_osm_railways_free_1_Penamacor.zip;HTTP 404
Proença-a-Nova;Castelo Branco;OSM:gis_osm_protected_areas_a_free_1;data/Castelo_Branco/Proença-a-Nova/OSM_gis_osm_protected_areas_a_free_1_Proença-a-Nova.zip;http://localhost:8000/data/Castelo_Branco/Proen%C3%A7a-a-Nova/OSM_gis_osm_protected_areas_a_free_1_Proen%C3%A7a-a-Nova.zip;HTTP 404
Proença-a-Nova;Castelo Branco;OSM:gis_osm_railways_free_1;data/Castelo_Branco/Proença-a-Nova/OSM_gis_osm_railways_free_1_Proença-a-Nova.zip;http://localhost:8000/data/Castelo_Branco/Proen%C3%A7a-a-Nova/OSM_gis_osm_railways_free_1_Proen%C3%A7a-a-Nova.zip;HTTP 404
Sertã;Castelo Branco;OSM:gis_osm_protected_areas_a_free_1;data/Castelo_Branco/Sertã/OSM_gis_osm_protected_areas_a_free_1_Sertã.zip;http://localhost:8000/data/Castelo_Branco/Sert%C3%A3/OSM_gis_osm_protected_areas_a_free_1_Sert%C3%A3.zip;HTTP 404
Sertã;Castelo Branco;OSM:gis_osm_railways_free_1;data/Castelo_Branco/Sertã/OSM_gis_osm_railways_free_1_Sertã.zip;http://localhost:8000/data/Castelo_Branco/Sert%C3%A3/OSM_gis_osm_railways_free_1_Sert%C3%A3.zip;HTTP 404
Vila Velha de Ródão;Castelo Branco;OSM:gis_osm_natural_a_free_1;data/Castelo_Branco/Vila_Velha_de_Ródão/OSM_gis_osm_natural_a_free_1_Vila_Velha_de_Ródão.zip;http://localhost:8000/data/Castelo_Branco/Vila_Velha_de_R%C3%B3d%C3%A3o/OSM_gis_osm_natural_a_free_1_Vila_Velha_de_R%C3%B3d%C3%A3o.zip;HTTP 404
Vila Velha de Ródão;Castelo Branco;OSM:gis_osm_places_a_free_1;data/Castelo_Branco/Vila_Velha_de_Ródão/OSM_gis_osm_places_a_free_1_Vila_Velha_de_Ródão.zip;http://localhost:8000/data/Castelo_Branco/Vila_Velha_de_R%C3%B3d%C3%A3o/OSM_gis_osm_places_a_free_1_Vila_Velha_de_R%C3%B3d%C3%A3o.zip;HTTP 404
Vila de Rei;Castelo Branco;OSM:gis_osm_places_a_free_1;data/Castelo_Branco/Vila_de_Rei/OSM_gis_osm_places_a_free_1_Vila_de_Rei.zip;http://localhost:8000/data/Castelo_Branco/Vila_de_Rei/OSM_gis_osm_places_a_free_1_Vila_de_Rei.zip;HTTP 404
Vila de Rei;Castelo Branco;OSM:gis_osm_protected_areas_a_free_1;data/Castelo_Branco/Vila_de_Rei/OSM_gis_osm_protected_areas_a_free_1_Vila_de_Rei.zip;http://localhost:8000/data/Castelo_Branco/Vila_de_Rei/OSM_gis_osm_protected_areas_a_free_1_Vila_de_Rei.zip;HTTP 404
Vila de Rei;Castelo Branco;OSM:gis_osm_railways_free_1;data/Castelo_Branco/Vila_de_Rei/OSM_gis_osm_railways_free_1_Vila_de_Rei.zip;http://localhost:8000/data/Castelo_Branco/Vila_de_Rei/OSM_gis_osm_railways_free_1_Vila_de_Rei.zip;HTTP 404
Arganil;Coimbra;OSM:gis_osm_places_a_free_1;data/Coimbra/Arganil/OSM_gis_osm_places_a_free_1_Arganil.zip;http://localhost:8000/data/Coimbra/Arganil/OSM_gis_osm_places_a_free_1_Arganil.zip;HTTP 404
Arganil;Coimbra;OSM:gis_osm_railways_free_1;data/Coimbra/Arganil/OSM_gis_osm_railways_free_1_Arganil.zip;http://localhost:8000/data/Coimbra/Arganil/OSM_gis_osm_railways_free_1_Arganil.zip;HTTP 404
Cantanhede;Coimbra;OSM:gis_osm_railways_free_1;data/Coimbra/Cantanhede/OSM_gis_osm_railways_free_1_Cantanhede.zip;http://localhost:8000/data/Coimbra/Cantanhede/OSM_gis_osm_railways_free_1_Cantanhede.zip;HTTP 404
Condeixa-a-Nova;Coimbra;OSM:gis_osm_places_a_free_1;data/Coimbra/Condeixa-a-Nova/OSM_gis_osm_places_a_free_1_Condeixa-a-Nova.zip;http://localhost:8000/data/Coimbra/Condeixa-a-Nova/OSM_gis_osm_places_a_free_1_Condeixa-a-Nova.zip;HTTP 404
Condeixa-a-Nova;Coimbra;OSM:gis_osm_railways_free_1;data/Coimbra/Condeixa-a-Nova/OSM_gis_osm_railways_free_1_Condeixa-a-Nova.zip;http://localhost:8000/data/Coimbra/Condeixa-a-Nova/OSM_gis_osm_railways_free_1_Condeixa-a-Nova.zip;HTTP 404
Góis;Coimbra;OSM:gis_osm_places_a_free_1;data/Coimbra/Góis/OSM_gis_osm_places_a_free_1_Góis.zip;http://localhost:8000/data/Coimbra/G%C3%B3is/OSM_gis_osm_places_a_free_1_G%C3%B3is.zip;HTTP 404
Góis;Coimbra;OSM:gis_osm_protected_areas_a_free_1;data/Coimbra/Góis/OSM_gis_osm_protected_areas_a_free_1_Góis.zip;http://localhost:8000/data/Coimbra/G%C3%B3is/OSM_gis_osm_protected_areas_a_free_1_G%C3%B3is.zip;HTTP 404
Góis;Coimbra;OSM:gis_osm_railways_free_1;data/Coimbra/Góis/OSM_gis_osm_railways_free_1_Góis.zip;http://localhost:8000/data/Coimbra/G%C3%B3is/OSM_gis_osm_railways_free_1_G%C3%B3is.zip;HTTP 404
Lousã;Coimbra;OSM:gis_osm_protected_areas_a_free_1;data/Coimbra/Lousã/OSM_gis_osm_protected_areas_a_free_1_Lousã.zip;http://localhost:8000/data/Coimbra/Lous%C3%A3/OSM_gis_osm_protected_areas_a_free_1_Lous%C3%A3.zip;HTTP 404
Lousã;Coimbra;OSM:gis_osm_railways_free_1;data/Coimbra/Lousã/OSM_gis_osm_railways_free_1_Lousã.zip;http://localhost:8000/data/Coimbra/Lous%C3%A3/OSM_gis_osm_railways_free_1_Lous%C3%A3.zip;HTTP 404
Miranda do Corvo;Coimbra;OSM:gis_osm_protected_areas_a_free_1;data/Coimbra/Miranda_do_Corvo/OSM_gis_osm_protected_areas_a_free_1_Miranda_do_Corvo.zip;http://localhost:8000/data/Coimbra/Miranda_do_Corvo/OSM_gis_osm_protected_areas_a_free_1_Miranda_do_Corvo.zip;HTTP 404
Miranda do Corvo;Coimbra;OSM:gis_osm_railways_free_1;data/Coimbra/Miranda_do_Corvo/OSM_gis_osm_railways_free_1_Miranda_do_Corvo.zip;http://localhost:8000/data/Coimbra/Miranda_do_Corvo/OSM_gis_osm_railways_free_1_Miranda_do_Corvo.zip;HTTP 404
Oliveira do Hospital;Coimbra;OSM:gis_osm_places_a_free_1;data/Coimbra/Oliveira_do_Hospital/OSM_gis_osm_places_a_free_1_Oliveira_do_Hospital.zip;http://localhost:8000/data/Coimbra/Oliveira_do_Hospital/OSM_gis_osm_places_a_free_1_Oliveira_do_Hospital.zip;HTTP 404
Oliveira do Hospital;Coimbra;OSM:gis_osm_railways_free_1;data/Coimbra/Oliveira_do_Hospital/OSM_gis_osm_railways_free_1_Oliveira_do_Hospital.zip;http://localhost:8000/data/Coimbra/Oliveira_do_Hospital/OSM_gis_osm_railways_free_1_Oliveira_do_Hospital.zip;HTTP 404
Pampilhosa da Serra;Coimbra;OSM:gis_osm_protected_areas_a_free_1;data/Coimbra/Pampilhosa_da_Serra/OSM_gis_osm_protected_areas_a_free_1_Pampilhosa_da_Serra.zip;http://localhost:8000/data/Coimbra/Pampilhosa_da_Serra/OSM_gis_osm_protected_areas_a_free_1_Pampilhosa_da_Serra.zip;HTTP 404
Pampilhosa da Serra;Coimbra;OSM:gis_osm_railways_free_1;data/Coimbra/Pampilhosa_da_Serra/OSM_gis_osm_railways_free_1_Pampilhosa_da_Serra.zip;http://localhost:8000/data/Coimbra/Pampilhosa_da_Serra/OSM_gis_osm_railways_free_1_Pampilhosa_da_Serra.zip;HTTP 404
Penacova;Coimbra;OSM:gis_osm_protected_areas_a_free_1;data/Coimbra/Penacova/OSM_gis_osm_protected_areas_a_free_1_Penacova.zip;http://localhost:8000/data/Coimbra/Penacova/OSM_gis_osm_protected_areas_a_free_1_Penacova.zip;HTTP 404
Penacova;Coimbra;OSM:gis_osm_railways_free_1;data/Coimbra/Penacova/OSM_gis_osm_railways_free_1_Penacova.zip;http://localhost:8000/data/Coimbra/Penacova/OSM_gis_osm_railways_free_1_Penacova.zip;HTTP 404
Penela;Coimbra;OSM:gis_osm_protected_areas_a_free_1;data/Coimbra/Penela/OSM_gis_osm_protected_areas_a_free_1_Penela.zip;http://localhost:8000/data/Coimbra/Penela/OSM_gis_osm_protected_areas_a_free_1_Penela.zip;HTTP 404
Penela;Coimbra;OSM:gis_osm_railways_free_1;data/Coimbra/Penela/OSM_gis_osm_railways_free_1_Penela.zip;http://localhost:8000/data/Coimbra/Penela/OSM_gis_osm_railways_free_1_Penela.zip;HTTP 404
Soure;Coimbra;OSM:gis_osm_natural_a_free_1;data/Coimbra/Soure/OSM_gis_osm_natural_a_free_1_Soure.zip;http://localhost:8000/data/Coimbra/Soure/OSM_gis_osm_natural_a_free_1_Soure.zip;HTTP 404
Soure;Coimbra;OSM:gis_osm_protected_areas_a_free_1;data/Coimbra/Soure/OSM_gis_osm_protected_areas_a_free_1_Soure.zip;http://localhost:8000/data/Coimbra/Soure/OSM_gis_osm_protected_areas_a_free_1_Soure.zip;HTTP 404
Tábua;Coimbra;OSM:gis_osm_places_a_free_1;data/Coimbra/Tábua/OSM_gis_osm_places_a_free_1_Tábua.zip;http://localhost:8000/data/Coimbra/T%C3%A1bua/OSM_gis_osm_places_a_free_1_T%C3%A1bua.zip;HTTP 404
Tábua;Coimbra;OSM:gis_osm_railways_free_1;data/Coimbra/Tábua/OSM_gis_osm_railways_free_1_Tábua.zip;http://localhost:8000/data/Coimbra/T%C3%A1bua/OSM_gis_osm_railways_free_1_T%C3%A1bua.zip;HTTP 404
Vila Nova de Poiares;Coimbra;OSM:gis_osm_natural_a_free_1;data/Coimbra/Vila_Nova_de_Poiares/OSM_gis_osm_natural_a_free_1_Vila_Nova_de_Poiares.zip;http://localhost:8000/data/Coimbra/Vila_Nova_de_Poiares/OSM_gis_osm_natural_a_free_1_Vila_Nova_de_Poiares.zip;HTTP 404
Vila Nova de Poiares;Coimbra;OSM:gis_osm_places_a_free_1;data/Coimbra/Vila_Nova_de_Poiares/OSM_gis_osm_places_a_free_1_Vila_Nova_de_Poiares.zip;http://localhost:8000/data/Coimbra/Vila_Nova_de_Poiares/OSM_gis_osm_places_a_free_1_Vila_Nova_de_Poiares.zip;HTTP 404
Vila Nova de Poiares;Coimbra;OSM:gis_osm_protected_areas_a_free_1;data/Coimbra/Vila_Nova_de_Poiares/OSM_gis_osm_protected_areas_a_free_1_Vila_Nova_de_Poiares.zip;http://localhost:8000/data/Coimbra/Vila_Nova_de_Poiares/OSM_gis_osm_protected_areas_a_free_1_Vila_Nova_de_Poiares.zip;HTTP 404
Vila Nova de Poiares;Coimbra;OSM:gis_osm_railways_free_1;data/Coimbra/Vila_Nova_de_Poiares/OSM_gis_osm_railways_free_1_Vila_Nova_de_Poiares.zip;http://localhost:8000/data/Coimbra/Vila_Nova_de_Poiares/OSM_gis_osm_railways_free_1_Vila_Nova_de_Poiares.zip;HTTP 404
Albufeira;Faro;OSM:gis_osm_places_a_free_1;data/Faro/Albufeira/OSM_gis_osm_places_a_free_1_Albufeira.zip;http://localhost:8000/data/Faro/Albufeira/OSM_gis_osm_places_a_free_1_Albufeira.zip;HTTP 404
Alcoutim;Faro;OSM:gis_osm_railways_free_1;data/Faro/Alcoutim/OSM_gis_osm_railways_free_1_Alcoutim.zip;http://localhost:8000/data/Faro/Alcoutim/OSM_gis_osm_railways_free_1_Alcoutim.zip;HTTP 404
Aljezur;Faro;OSM:gis_osm_places_a_free_1;data/Faro/Aljezur/OSM_gis_osm_places_a_free_1_Aljezur.zip;http://localhost:8000/data/Faro/Aljezur/OSM_gis_osm_places_a_free_1_Aljezur.zip;HTTP 404
Aljezur;Faro;OSM:gis_osm_railways_free_1;data/Faro/Aljezur/OSM_gis_osm_railways_free_1_Aljezur.zip;http://localhost:8000/data/Faro/Aljezur/OSM_gis_osm_railways_free_1_Aljezur.zip;HTTP 404
Lagoa;Faro;OSM:gis_osm_places_a_free_1;data/Faro/Lagoa/OSM_gis_osm_places_a_free_1_Lagoa.zip;http://localhost:8000/data/Faro/Lagoa/OSM_gis_osm_places_a_free_1_Lagoa.zip;HTTP 404
Monchique;Faro;OSM:gis_osm_railways_free_1;data/Faro/Monchique/OSM_gis_osm_railways_free_1_Monchique.zip;http://localhost:8000/data/Faro/Monchique/OSM_gis_osm_railways_free_1_Monchique.zip;HTTP 404
São Brás de Alportel;Faro;OSM:gis_osm_natural_a_free_1;data/Faro/São_Brás_de_Alportel/OSM_gis_osm_natural_a_free_1_São_Brás_de_Alportel.zip;http://localhost:8000/data/Faro/S%C3%A3o_Br%C3%A1s_de_Alportel/OSM_gis_osm_natural_a_free_1_S%C3%A3o_Br%C3%A1s_de_Alportel.zip;HTTP 404
São Brás de Alportel;Faro;OSM:gis_osm_protected_areas_a_free_1;data/Faro/São_Brás_de_Alportel/OSM_gis_osm_protected_areas_a_free_1_São_Brás_de_Alportel.zip;http://localhost:8000/data/Faro/S%C3%A3o_Br%C3%A1s_de_Alportel/OSM_gis_osm_protected_areas_a_free_1_S%C3%A3o_Br%C3%A1s_de_Alportel.zip;HTTP 404
São Brás de Alportel;Faro;OSM:gis_osm_railways_free_1;data/Faro/São_Brás_de_Alportel/OSM_gis_osm_railways_free_1_São_Brás_de_Alportel.zip;http://localhost:8000/data/Faro/S%C3%A3o_Br%C3%A1s_de_Alportel/OSM_gis_osm_railways_free_1_S%C3%A3o_Br%C3%A1s_de_Alportel.zip;HTTP 404
Aguiar da Beira;Guarda;OSM:gis_osm_places_a_free_1;data/Guarda/Aguiar_da_Beira/OSM_gis_osm_places_a_free_1_Aguiar_da_Beira.zip;http://localhost:8000/data/Guarda/Aguiar_da_Beira/OSM_gis_osm_places_a_free_1_Aguiar_da_Beira.zip;HTTP 404
Aguiar da Beira;Guarda;OSM:gis_osm_protected_areas_a_free_1;data/Guarda/Aguiar_da_Beira/OSM_gis_osm_protected_areas_a_free_1_Aguiar_da_Beira.zip;http://localhost:8000/data/Guarda/Aguiar_da_Beira/OSM_gis_osm_protected_areas_a_free_1_Aguiar_da_Beira.zip;HTTP 404
Aguiar da Beira;Guarda;OSM:gis_osm_railways_free_1;data/Guarda/Aguiar_da_Beira/OSM_gis_osm_railways_free_1_Aguiar_da_Beira.zip;http://localhost:8000/data/Guarda/Aguiar_da_Beira/OSM_gis_osm_railways_free_1_Aguiar_da_Beira.zip;HTTP 404
Almeida;Guarda;OSM:gis_osm_places_a_free_1;data/Guarda/Almeida/OSM_gis_osm_places_a_free_1_Almeida.zip;http://localhost:8000/data/Guarda/Almeida/OSM_gis_osm_places_a_free_1_Almeida.zip;HTTP 404
Celorico da Beira;Guarda;OSM:gis_osm_natural_a_free_1;data/Guarda/Celorico_da_Beira/OSM_gis_osm_natural_a_free_1_Celorico_da_Beira.zip;http://localhost:8000/data/Guarda/Celorico_da_Beira/OSM_gis_osm_natural_a_free_1_Celorico_da_Beira.zip;HTTP 404
Celorico da Beira;Guarda;OSM:gis_osm_places_a_free_1;data/Guarda/Celorico_da_Beira/OSM_gis_osm_places_a_free_1_Celorico_da_Beira.zip;http://localhost:8000/data/Guarda/Celorico_da_Beira/OSM_gis_osm_places_a_free_1_Celorico_da_Beira.zip;HTTP 404
Fornos de Algodres;Guarda;OSM:gis_osm_natural_a_free_1;data/Guarda/Fornos_de_Algodres/OSM_gis_osm_natural_a_free_1_Fornos_de_Algodres.zip;http://localhost:8000/data/Guarda/Fornos_de_Algodres/OSM_gis_osm_natural_a_free_1_Fornos_de_Algodres.zip;HTTP 404
Gouveia;Guarda;OSM:gis_osm_natural_a_free_1;data/Guarda/Gouveia/OSM_gis_osm_natural_a_free_1_Gouveia.zip;http://localhost:8000/data/Guarda/Gouveia/OSM_gis_osm_natural_a_free_1_Gouveia.zip;HTTP 404
Gouveia;Guarda;OSM:gis_osm_railways_free_1;data/Guarda/Gouveia/OSM_gis_osm_railways_free_1_Gouveia.zip;http://localhost:8000/data/Guarda/Gouveia/OSM_gis_osm_railways_free_1_Gouveia.zip;HTTP 404
Manteigas;Guarda;OSM:gis_osm_railways_free_1;data/Guarda/Manteigas/OSM_gis_osm_railways_free_1_Manteigas.zip;http://localhost:8000/data/Guarda/Manteigas/OSM_gis_osm_railways_free_1_Manteigas.zip;HTTP 404
Mêda;Guarda;OSM:gis_osm_railways_free_1;data/Guarda/Mêda/OSM_gis_osm_railways_free_1_Mêda.zip;http://localhost:8000/data/Guarda/M%C3%AAda/OSM_gis_osm_railways_free_1_M%C3%AAda.zip;HTTP 404
Seia;Guarda;OSM:gis_osm_railways_free_1;data/Guarda/Seia/OSM_gis_osm_railways_free_1_Seia.zip;http://localhost:8000/data/Guarda/Seia/OSM_gis_osm_railways_free_1_Seia.zip;HTTP 404
Trancoso;Guarda;OSM:gis_osm_natural_a_free_1;data/Guarda/Trancoso/OSM_gis_osm_natural_a_free_1_Trancoso.zip;http://localhost:8000/data/Guarda/Trancoso/OSM_gis_osm_natural_a_free_1_Trancoso.zip;HTTP 404
Trancoso;Guarda;OSM:gis_osm_protected_areas_a_free_1;data/Guarda/Trancoso/OSM_gis_osm_protected_areas_a_free_1_Trancoso.zip;http://localhost:8000/data/Guarda/Trancoso/OSM_gis_osm_protected_areas_a_free_1_Trancoso.zip;HTTP 404
Alvaiázere;Leiria;OSM:gis_osm_places_a_free_1;data/Leiria/Alvaiázere/OSM_gis_osm_places_a_free_1_Alvaiázere.zip;http://localhost:8000/data/Leiria/Alvai%C3%A1zere/OSM_gis_osm_places_a_free_1_Alvai%C3%A1zere.zip;HTTP 404
Alvaiázere;Leiria;OSM:gis_osm_protected_areas_a_free_1;data/Leiria/Alvaiázere/OSM_gis_osm_protected_areas_a_free_1_Alvaiázere.zip;http://localhost:8000/data/Leiria/Alvai%C3%A1zere/OSM_gis_osm_protected_areas_a_free_1_Alvai%C3%A1zere.zip;HTTP 404
Alvaiázere;Leiria;OSM:gis_osm_railways_free_1;data/Leiria/Alvaiázere/OSM_gis_osm_railways_free_1_Alvaiázere.zip;http://localhost:8000/data/Leiria/Alvai%C3%A1zere/OSM_gis_osm_railways_free_1_Alvai%C3%A1zere.zip;HTTP 404
Ansião;Leiria;OSM:gis_osm_natural_a_free_1;data/Leiria/Ansião/OSM_gis_osm_natural_a_free_1_Ansião.zip;http://localhost:8000/data/Leiria/Ansi%C3%A3o/OSM_gis_osm_natural_a_free_1_Ansi%C3%A3o.zip;HTTP 404
Ansião;Leiria;OSM:gis_osm_places_a_free_1;data/Leiria/Ansião/OSM_gis_osm_places_a_free_1_Ansião.zip;http://localhost:8000/data/Leiria/Ansi%C3%A3o/OSM_gis_osm_places_a_free_1_Ansi%C3%A3o.zip;HTTP 404
Ansião;Leiria;OSM:gis_osm_protected_areas_a_free_1;data/Leiria/Ansião/OSM_gis_osm_protected_areas_a_free_1_Ansião.zip;http://localhost:8000/data/Leiria/Ansi%C3%A3o/OSM_gis_osm_protected_areas_a_free_1_Ansi%C3%A3o.zip;HTTP 404
Ansião;Leiria;OSM:gis_osm_railways_free_1;data/Leiria/Ansião/OSM_gis_osm_railways_free_1_Ansião.zip;http://localhost:8000/data/Leiria/Ansi%C3%A3o/OSM_gis_osm_railways_free_1_Ansi%C3%A3o.zip;HTTP 404
Batalha;Leiria;OSM:gis_osm_natural_a_free_1;data/Leiria/Batalha/OSM_gis_osm_natural_a_free_1_Batalha.zip;http://localhost:8000/data/Leiria/Batalha/OSM_gis_osm_natural_a_free_1_Batalha.zip;HTTP 404
Batalha;Leiria;OSM:gis_osm_places_a_free_1;data/Leiria/Batalha/OSM_gis_osm_places_a_free_1_Batalha.zip;http://localhost:8000/data/Leiria/Batalha/OSM_gis_osm_places_a_free_1_Batalha.zip;HTTP 404
Batalha;Leiria;OSM:gis_osm_protected_areas_a_free_1;data/Leiria/Batalha/OSM_gis_osm_protected_areas_a_free_1_Batalha.zip;http://localhost:8000/data/Leiria/Batalha/OSM_gis_osm_protected_areas_a_free_1_Batalha.zip;HTTP 404
Batalha;Leiria;OSM:gis_osm_railways_free_1;data/Leiria/Batalha/OSM_gis_osm_railways_free_1_Batalha.zip;http://localhost:8000/data/Leiria/Batalha/OSM_gis_osm_railways_free_1_Batalha.zip;HTTP 404
Bombarral;Leiria;OSM:gis_osm_natural_a_free_1;data/Leiria/Bombarral/OSM_gis_osm_natural_a_free_1_Bombarral.zip;http://localhost:8000/data/Leiria/Bombarral/OSM_gis_osm_natural_a_free_1_Bombarral.zip;HTTP 404
Bombarral;Leiria;OSM:gis_osm_places_a_free_1;data/Leiria/Bombarral/OSM_gis_osm_places_a_free_1_Bombarral.zip;http://localhost:8000/data/Leiria/Bombarral/OSM_gis_osm_places_a_free_1_Bombarral.zip;HTTP 404
Bombarral;Leiria;OSM:gis_osm_protected_areas_a_free_1;data/Leiria/Bombarral/OSM_gis_osm_protected_areas_a_free_1_Bombarral.zip;http://localhost:8000/data/Leiria/Bombarral/OSM_gis_osm_protected_areas_a_free_1_Bombarral.zip;HTTP 404
Castanheira de Pêra;Leiria;OSM:gis_osm_places_a_free_1;data/Leiria/Castanheira_de_Pêra/OSM_gis_osm_places_a_free_1_Castanheira_de_Pêra.zip;http://localhost:8000/data/Leiria/Castanheira_de_P%C3%AAra/OSM_gis_osm_places_a_free_1_Castanheira_de_P%C3%AAra.zip;HTTP 404
Castanheira de Pêra;Leiria;OSM:gis_osm_protected_areas_a_free_1;data/Leiria/Castanheira_de_Pêra/OSM_gis_osm_protected_areas_a_free_1_Castanheira_de_Pêra.zip;http://localhost:8000/data/Leiria/Castanheira_de_P%C3%AAra/OSM_gis_osm_protected_areas_a_free_1_Castanheira_de_P%C3%AAra.zip;HTTP 404
Castanheira de Pêra;Leiria;OSM:gis_osm_railways_free_1;data/Leiria/Castanheira_de_Pêra/OSM_gis_osm_railways_free_1_Castanheira_de_Pêra.zip;http://localhost:8000/data/Leiria/Castanheira_de_P%C3%AAra/OSM_gis_osm_railways_free_1_Castanheira_de_P%C3%AAra.zip;HTTP 404
Figueiró dos Vinhos;Leiria;OSM:gis_osm_natural_a_free_1;data/Leiria/Figueiró_dos_Vinhos/OSM_gis_osm_natural_a_free_1_Figueiró_dos_Vinhos.zip;http://localhost:8000/data/Leiria/Figueir%C3%B3_dos_Vinhos/OSM_gis_osm_natural_a_free_1_Figueir%C3%B3_dos_Vinhos.zip;HTTP 404
Figueiró dos Vinhos;Leiria;OSM:gis_osm_protected_areas_a_free_1;data/Leiria/Figueiró_dos_Vinhos/OSM_gis_osm_protected_areas_a_free_1_Figueiró_dos_Vinhos.zip;http://localhost:8000/data/Leiria/Figueir%C3%B3_dos_Vinhos/OSM_gis_osm_protected_areas_a_free_1_Figueir%C3%B3_dos_Vinhos.zip;HTTP 404
Figueiró dos Vinhos;Leiria;OSM:gis_osm_railways_free_1;data/Leiria/Figueiró_dos_Vinhos/OSM_gis_osm_railways_free_1_Figueiró_dos_Vinhos.zip;http://localhost:8000/data/Leiria/Figueir%C3%B3_dos_Vinhos/OSM_gis_osm_railways_free_1_Figueir%C3%B3_dos_Vinhos.zip;HTTP 404
Leiria;Leiria;OSM:gis_osm_places_a_free_1;data/Leiria/Leiria/OSM_gis_osm_places_a_free_1_Leiria.zip;http://localhost:8000/data/Leiria/Leiria/OSM_gis_osm_places_a_free_1_Leiria.zip;HTTP 404
Pedrógão Grande;Leiria;OSM:gis_osm_natural_a_free_1;data/Leiria/Pedrógão_Grande/OSM_gis_osm_natural_a_free_1_Pedrógão_Grande.zip;http://localhost:8000/data/Leiria/Pedr%C3%B3g%C3%A3o_Grande/OSM_gis_osm_natural_a_free_1_Pedr%C3%B3g%C3%A3o_Grande.zip;HTTP 404
Pedrógão Grande;Leiria;OSM:gis_osm_places_a_free_1;data/Leiria/Pedrógão_Grande/OSM_gis_osm_places_a_free_1_Pedrógão_Grande.zip;http://localhost:8000/data/Leiria/Pedr%C3%B3g%C3%A3o_Grande/OSM_gis_osm_places_a_free_1_Pedr%C3%B3g%C3%A3o_Grande.zip;HTTP 404
Pedrógão Grande;Leiria;OSM:gis_osm_protected_areas_a_free_1;data/Leiria/Pedrógão_Grande/OSM_gis_osm_protected_areas_a_free_1_Pedrógão_Grande.zip;http://localhost:8000/data/Leiria/Pedr%C3%B3g%C3%A3o_Grande/OSM_gis_osm_protected_areas_a_free_1_Pedr%C3%B3g%C3%A3o_Grande.zip;HTTP 404
Pedrógão Grande;Leiria;OSM:gis_osm_railways_free_1;data/Leiria/Pedrógão_Grande/OSM_gis_osm_railways_free_1_Pedrógão_Grande.zip;http://localhost:8000/data/Leiria/Pedr%C3%B3g%C3%A3o_Grande/OSM_gis_osm_railways_free_1_Pedr%C3%B3g%C3%A3o_Grande.zip;HTTP 404
Pombal;Leiria;OSM:gis_osm_protected_areas_a_free_1;data/Leiria/Pombal/OSM_gis_osm_protected_areas_a_free_1_Pombal.zip;http://localhost:8000/data/Leiria/Pombal/OSM_gis_osm_protected_areas_a_free_1_Pombal.zip;HTTP 404
Porto de Mós;Leiria;OSM:gis_osm_natural_a_free_1;data/Leiria/Porto_de_Mós/OSM_gis_osm_natural_a_free_1_Porto_de_Mós.zip;http://localhost:8000/data/Leiria/Porto_de_M%C3%B3s/OSM_gis_osm_natural_a_free_1_Porto_de_M%C3%B3s.zip;HTTP 404
Porto de Mós;Leiria;OSM:gis_osm_railways_free_1;data/Leiria/Porto_de_Mós/OSM_gis_osm_railways_free_1_Porto_de_Mós.zip;http://localhost:8000/data/Leiria/Porto_de_M%C3%B3s/OSM_gis_osm_railways_free_1_Porto_de_M%C3%B3s.zip;HTTP 404
Alenquer;Lisboa;OSM:gis_osm_natural_a_free_1;data/Lisboa/Alenquer/OSM_gis_osm_natural_a_free_1_Alenquer.zip;http://localhost:8000/data/Lisboa/Alenquer/OSM_gis_osm_natural_a_free_1_Alenquer.zip;HTTP 404
Amadora;Lisboa;OSM:gis_osm_natural_a_free_1;data/Lisboa/Amadora/OSM_gis_osm_natural_a_free_1_Amadora.zip;http://localhost:8000/data/Lisboa/Amadora/OSM_gis_osm_natural_a_free_1_Amadora.zip;HTTP 404
Arruda dos Vinhos;Lisboa;OSM:gis_osm_natural_a_free_1;data/Lisboa/Arruda_dos_Vinhos/OSM_gis_osm_natural_a_free_1_Arruda_dos_Vinhos.zip;http://localhost:8000/data/Lisboa/Arruda_dos_Vinhos/OSM_gis_osm_natural_a_free_1_Arruda_dos_Vinhos.zip;HTTP 404
Arruda dos Vinhos;Lisboa;OSM:gis_osm_places_a_free_1;data/Lisboa/Arruda_dos_Vinhos/OSM_gis_osm_places_a_free_1_Arruda_dos_Vinhos.zip;http://localhost:8000/data/Lisboa/Arruda_dos_Vinhos/OSM_gis_osm_places_a_free_1_Arruda_dos_Vinhos.zip;HTTP 404
Arruda dos Vinhos;Lisboa;OSM:gis_osm_protected_areas_a_free_1;data/Lisboa/Arruda_dos_Vinhos/OSM_gis_osm_protected_areas_a_free_1_Arruda_dos_Vinhos.zip;http://localhost:8000/data/Lisboa/Arruda_dos_Vinhos/OSM_gis_osm_protected_areas_a_free_1_Arruda_dos_Vinhos.zip;HTTP 404
Arruda dos Vinhos;Lisboa;OSM:gis_osm_railways_free_1;data/Lisboa/Arruda_dos_Vinhos/OSM_gis_osm_railways_free_1_Arruda_dos_Vinhos.zip;http://localhost:8000/data/Lisboa/Arruda_dos_Vinhos/OSM_gis_osm_railways_free_1_Arruda_dos_Vinhos.zip;HTTP 404
Azambuja;Lisboa;OSM:gis_osm_natural_a_free_1;data/Lisboa/Azambuja/OSM_gis_osm_natural_a_free_1_Azambuja.zip;http://localhost:8000/data/Lisboa/Azambuja/OSM_gis_osm_natural_a_free_1_Azambuja.zip;HTTP 404
Cadaval;Lisboa;OSM:gis_osm_natural_a_free_1;data/Lisboa/Cadaval/OSM_gis_osm_natural_a_free_1_Cadaval.zip;http://localhost:8000/data/Lisboa/Cadaval/OSM_gis_osm_natural_a_free_1_Cadaval.zip;HTTP 404
Cadaval;Lisboa;OSM:gis_osm_places_a_free_1;data/Lisboa/Cadaval/OSM_gis_osm_places_a_free_1_Cadaval.zip;http://localhost:8000/data/Lisboa/Cadaval/OSM_gis_osm_places_a_free_1_Cadaval.zip;HTTP 404
Lourinhã;Lisboa;OSM:gis_osm_railways_free_1;data/Lisboa/Lourinhã/OSM_gis_osm_railways_free_1_Lourinhã.zip;http://localhost:8000/data/Lisboa/Lourinh%C3%A3/OSM_gis_osm_railways_free_1_Lourinh%C3%A3.zip;HTTP 404
Sobral de Monte Agraço;Lisboa;OSM:gis_osm_places_a_free_1;data/Lisboa/Sobral_de_Monte_Agraço/OSM_gis_osm_places_a_free_1_Sobral_de_Monte_Agraço.zip;http://localhost:8000/data/Lisboa/Sobral_de_Monte_Agra%C3%A7o/OSM_gis_osm_places_a_free_1_Sobral_de_Monte_Agra%C3%A7o.zip;HTTP 404
Alter do Chão;Portalegre;OSM:gis_osm_natural_a_free_1;data/Portalegre/Alter_do_Chão/OSM_gis_osm_natural_a_free_1_Alter_do_Chão.zip;http://localhost:8000/data/Portalegre/Alter_do_Ch%C3%A3o/OSM_gis_osm_natural_a_free_1_Alter_do_Ch%C3%A3o.zip;HTTP 404
Arronches;Portalegre;OSM:gis_osm_natural_a_free_1;data/Portalegre/Arronches/OSM_gis_osm_natural_a_free_1_Arronches.zip;http://localhost:8000/data/Portalegre/Arronches/OSM_gis_osm_natural_a_free_1_Arronches.zip;HTTP 404
Avis;Portalegre;OSM:gis_osm_natural_a_free_1;data/Portalegre/Avis/OSM_gis_osm_natural_a_free_1_Avis.zip;http://localhost:8000/data/Portalegre/Avis/OSM_gis_osm_natural_a_free_1_Avis.zip;HTTP 404
Avis;Portalegre;OSM:gis_osm_places_a_free_1;data/Portalegre/Avis/OSM_gis_osm_places_a_free_1_Avis.zip;http://localhost:8000/data/Portalegre/Avis/OSM_gis_osm_places_a_free_1_Avis.zip;HTTP 404
Avis;Portalegre;OSM:gis_osm_protected_areas_a_free_1;data/Portalegre/Avis/OSM_gis_osm_protected_areas_a_free_1_Avis.zip;http://localhost:8000/data/Portalegre/Avis/OSM_gis_osm_protected_areas_a_free_1_Avis.zip;HTTP 404
Avis;Portalegre;OSM:gis_osm_railways_free_1;data/Portalegre/Avis/OSM_gis_osm_railways_free_1_Avis.zip;http://localhost:8000/data/Portalegre/Avis/OSM_gis_osm_railways_free_1_Avis.zip;HTTP 404
Campo Maior;Portalegre;OSM:gis_osm_natural_a_free_1;data/Portalegre/Campo_Maior/OSM_gis_osm_natural_a_free_1_Campo_Maior.zip;http://localhost:8000/data/Portalegre/Campo_Maior/OSM_gis_osm_natural_a_free_1_Campo_Maior.zip;HTTP 404
Campo Maior;Portalegre;OSM:gis_osm_protected_areas_a_free_1;data/Portalegre/Campo_Maior/OSM_gis_osm_protected_areas_a_free_1_Campo_Maior.zip;http://localhost:8000/data/Portalegre/Campo_Maior/OSM_gis_osm_protected_areas_a_free_1_Campo_Maior.zip;HTTP 404
Castelo de Vide;Portalegre;OSM:gis_osm_natural_a_free_1;data/Portalegre/Castelo_de_Vide/OSM_gis_osm_natural_a_free_1_Castelo_de_Vide.zip;http://localhost:8000/data/Portalegre/Castelo_de_Vide/OSM_gis_osm_natural_a_free_1_Castelo_de_Vide.zip;HTTP 404
Castelo de Vide;Portalegre;OSM:gis_osm_places_a_free_1;data/Portalegre/Castelo_de_Vide/OSM_gis_osm_places_a_free_1_Castelo_de_Vide.zip;http://localhost:8000/data/Portalegre/Castelo_de_Vide/OSM_gis_osm_places_a_free_1_Castelo_de_Vide.zip;HTTP 404
Castelo de Vide;Portalegre;OSM:gis_osm_railways_free_1;data/Portalegre/Castelo_de_Vide/OSM_gis_osm_railways_free_1_Castelo_de_Vide.zip;http://localhost:8000/data/Portalegre/Castelo_de_Vide/OSM_gis_osm_railways_free_1_Castelo_de_Vide.zip;HTTP 404
Crato;Portalegre;OSM:gis_osm_natural_a_free_1;data/Portalegre/Crato/OSM_gis_osm_natural_a_free_1_Crato.zip;http://localhost:8000/data/Portalegre/Crato/OSM_gis_osm_natural_a_free_1_Crato.zip;HTTP 404
Crato;Portalegre;OSM:gis_osm_places_a_free_1;data/Portalegre/Crato/OSM_gis_osm_places_a_free_1_Crato.zip;http://localhost:8000/data/Portalegre/Crato/OSM_gis_osm_places_a_free_1_Crato.zip;HTTP 404
Crato;Portalegre;OSM:gis_osm_protected_areas_a_free_1;data/Portalegre/Crato/OSM_gis_osm_protected_areas_a_free_1_Crato.zip;http://localhost:8000/data/Portalegre/Crato/OSM_gis_osm_protected_areas_a_free_1_Crato.zip;HTTP 404
Elvas;Portalegre;OSM:gis_osm_natural_a_free_1;data/Portalegre/Elvas/OSM_gis_osm_natural_a_free_1_Elvas.zip;http://localhost:8000/data/Portalegre/Elvas/OSM_gis_osm_natural_a_free_1_Elvas.zip;HTTP 404
Fronteira;Portalegre;OSM:gis_osm_natural_a_free_1;data/Portalegre/Fronteira/OSM_gis_osm_natural_a_free_1_Fronteira.zip;http://localhost:8000/data/Portalegre/Fronteira/OSM_gis_osm_natural_a_free_1_Fronteira.zip;HTTP 404
Fronteira;Portalegre;OSM:gis_osm_places_a_free_1;data/Portalegre/Fronteira/OSM_gis_osm_places_a_free_1_Fronteira.zip;http://localhost:8000/data/Portalegre/Fronteira/OSM_gis_osm_places_a_free_1_Fronteira.zip;HTTP 404
Fronteira;Portalegre;OSM:gis_osm_railways_free_1;data/Portalegre/Fronteira/OSM_gis_osm_railways_free_1_Fronteira.zip;http://localhost:8000/data/Portalegre/Fronteira/OSM_gis_osm_railways_free_1_Fronteira.zip;HTTP 404
Gavião;Portalegre;OSM:gis_osm_places_a_free_1;data/Portalegre/Gavião/OSM_gis_osm_places_a_free_1_Gavião.zip;http://localhost:8000/data/Portalegre/Gavi%C3%A3o/OSM_gis_osm_places_a_free_1_Gavi%C3%A3o.zip;HTTP 404
Gavião;Portalegre;OSM:gis_osm_protected_areas_a_free_1;data/Portalegre/Gavião/OSM_gis_osm_protected_areas_a_free_1_Gavião.zip;http://localhost:8000/data/Portalegre/Gavi%C3%A3o/OSM_gis_osm_protected_areas_a_free_1_Gavi%C3%A3o.zip;HTTP 404
Marvão;Portalegre;OSM:gis_osm_places_a_free_1;data/Portalegre/Marvão/OSM_gis_osm_places_a_free_1_Marvão.zip;http://localhost:8000/data/Portalegre/Marv%C3%A3o/OSM_gis_osm_places_a_free_1_Marv%C3%A3o.zip;HTTP 404
Marvão;Portalegre;OSM:gis_osm_railways_free_1;data/Portalegre/Marvão/OSM_gis_osm_railways_free_1_Marvão.zip;http://localhost:8000/data/Portalegre/Marv%C3%A3o/OSM_gis_osm_railways_free_1_Marv%C3%A3o.zip;HTTP 404
Nisa;Portalegre;OSM:gis_osm_natural_a_free_1;data/Portalegre/Nisa/OSM_gis_osm_natural_a_free_1_Nisa.zip;http://localhost:8000/data/Portalegre/Nisa/OSM_gis_osm_natural_a_free_1_Nisa.zip;HTTP 404
Ponte de Sor;Portalegre;OSM:gis_osm_natural_a_free_1;data/Portalegre/Ponte_de_Sor/OSM_gis_osm_natural_a_free_1_Ponte_de_Sor.zip;http://localhost:8000/data/Portalegre/Ponte_de_Sor/OSM_gis_osm_natural_a_free_1_Ponte_de_Sor.zip;HTTP 404
Ponte de Sor;Portalegre;OSM:gis_osm_places_a_free_1;data/Portalegre/Ponte_de_Sor/OSM_gis_osm_places_a_free_1_Ponte_de_Sor.zip;http://localhost:8000/data/Portalegre/Ponte_de_Sor/OSM_gis_osm_places_a_free_1_Ponte_de_Sor.zip;HTTP 404
Ponte de Sor;Portalegre;OSM:gis_osm_protected_areas_a_free_1;data/Portalegre/Ponte_de_Sor/OSM_gis_osm_protected_areas_a_free_1_Ponte_de_Sor.zip;http://localhost:8000/data/Portalegre/Ponte_de_Sor/OSM_gis_osm_protected_areas_a_free_1_Ponte_de_Sor.zip;HTTP 404
Portalegre;Portalegre;OSM:gis_osm_natural_a_free_1;data/Portalegre/Portalegre/OSM_gis_osm_natural_a_free_1_Portalegre.zip;http://localhost:8000/data/Portalegre/Portalegre/OSM_gis_osm_natural_a_free_1_Portalegre.zip;HTTP 404
Portalegre;Portalegre;OSM:gis_osm_places_a_free_1;data/Portalegre/Portalegre/OSM_gis_osm_places_a_free_1_Portalegre.zip;http://localhost:8000/data/Portalegre/Portalegre/OSM_gis_osm_places_a_free_1_Portalegre.zip;HTTP 404
Sousel;Portalegre;OSM:gis_osm_natural_a_free_1;data/Portalegre/Sousel/OSM_gis_osm_natural_a_free_1_Sousel.zip;http://localhost:8000/data/Portalegre/Sousel/OSM_gis_osm_natural_a_free_1_Sousel.zip;HTTP 404
Sousel;Portalegre;OSM:gis_osm_places_a_free_1;data/Portalegre/Sousel/OSM_gis_osm_places_a_free_1_Sousel.zip;http://localhost:8000/data/Portalegre/Sousel/OSM_gis_osm_places_a_free_1_Sousel.zip;HTTP 404
Sousel;Portalegre;OSM:gis_osm_railways_free_1;data/Portalegre/Sousel/OSM_gis_osm_railways_free_1_Sousel.zip;http://localhost:8000/data/Portalegre/Sousel/OSM_gis_osm_railways_free_1_Sousel.zip;HTTP 404
Baião;Porto;OSM:gis_osm_natural_a_free_1;data/Porto/Baião/OSM_gis_osm_natural_a_free_1_Baião.zip;http://localhost:8000/data/Porto/Bai%C3%A3o/OSM_gis_osm_natural_a_free_1_Bai%C3%A3o.zip;HTTP 404
Baião;Porto;OSM:gis_osm_places_a_free_1;data/Porto/Baião/OSM_gis_osm_places_a_free_1_Baião.zip;http://localhost:8000/data/Porto/Bai%C3%A3o/OSM_gis_osm_places_a_free_1_Bai%C3%A3o.zip;HTTP 404
Felgueiras;Porto;OSM:gis_osm_natural_a_free_1;data/Porto/Felgueiras/OSM_gis_osm_natural_a_free_1_Felgueiras.zip;http://localhost:8000/data/Porto/Felgueiras/OSM_gis_osm_natural_a_free_1_Felgueiras.zip;HTTP 404
Felgueiras;Porto;OSM:gis_osm_places_a_free_1;data/Porto/Felgueiras/OSM_gis_osm_places_a_free_1_Felgueiras.zip;http://localhost:8000/data/Porto/Felgueiras/OSM_gis_osm_places_a_free_1_Felgueiras.zip;HTTP 404
Lousada;Porto;OSM:gis_osm_natural_a_free_1;data/Porto/Lousada/OSM_gis_osm_natural_a_free_1_Lousada.zip;http://localhost:8000/data/Porto/Lousada/OSM_gis_osm_natural_a_free_1_Lousada.zip;HTTP 404
Lousada;Porto;OSM:gis_osm_places_a_free_1;data/Porto/Lousada/OSM_gis_osm_places_a_free_1_Lousada.zip;http://localhost:8000/data/Porto/Lousada/OSM_gis_osm_places_a_free_1_Lousada.zip;HTTP 404
Lousada;Porto;OSM:gis_osm_protected_areas_a_free_1;data/Porto/Lousada/OSM_gis_osm_protected_areas_a_free_1_Lousada.zip;http://localhost:8000/data/Porto/Lousada/OSM_gis_osm_protected_areas_a_free_1_Lousada.zip;HTTP 404
Maia;Porto;OSM:gis_osm_natural_a_free_1;data/Porto/Maia/OSM_gis_osm_natural_a_free_1_Maia.zip;http://localhost:8000/data/Porto/Maia/OSM_gis_osm_natural_a_free_1_Maia.zip;HTTP 404
Maia;Porto;OSM:gis_osm_protected_areas_a_free_1;data/Porto/Maia/OSM_gis_osm_protected_areas_a_free_1_Maia.zip;http://localhost:8000/data/Porto/Maia/OSM_gis_osm_protected_areas_a_free_1_Maia.zip;HTTP 404
Paços de Ferreira;Porto;OSM:gis_osm_natural_a_free_1;data/Porto/Paços_de_Ferreira/OSM_gis_osm_natural_a_free_1_Paços_de_Ferreira.zip;http://localhost:8000/data/Porto/Pa%C3%A7os_de_Ferreira/OSM_gis_osm_natural_a_free_1_Pa%C3%A7os_de_Ferreira.zip;HTTP 404
Paços de Ferreira;Porto;OSM:gis_osm_protected_areas_a_free_1;data/Porto/Paços_de_Ferreira/OSM_gis_osm_protected_areas_a_free_1_Paços_de_Ferreira.zip;http://localhost:8000/data/Porto/Pa%C3%A7os_de_Ferreira/OSM_gis_osm_protected_areas_a_free_1_Pa%C3%A7os_de_Ferreira.zip;HTTP 404
Paços de Ferreira;Porto;OSM:gis_osm_railways_free_1;data/Porto/Paços_de_Ferreira/OSM_gis_osm_railways_free_1_Paços_de_Ferreira.zip;http://localhost:8000/data/Porto/Pa%C3%A7os_de_Ferreira/OSM_gis_osm_railways_free_1_Pa%C3%A7os_de_Ferreira.zip;HTTP 404
Penafiel;Porto;OSM:gis_osm_natural_a_free_1;data/Porto/Penafiel/OSM_gis_osm_natural_a_free_1_Penafiel.zip;http://localhost:8000/data/Porto/Penafiel/OSM_gis_osm_natural_a_free_1_Penafiel.zip;HTTP 404
Póvoa de Varzim;Porto;OSM:gis_osm_places_a_free_1;data/Porto/Póvoa_de_Varzim/OSM_gis_osm_places_a_free_1_Póvoa_de_Varzim.zip;http://localhost:8000/data/Porto/P%C3%B3voa_de_Varzim/OSM_gis_osm_places_a_free_1_P%C3%B3voa_de_Varzim.zip;HTTP 404
Santo Tirso;Porto;OSM:gis_osm_places_a_free_1;data/Porto/Santo_Tirso/OSM_gis_osm_places_a_free_1_Santo_Tirso.zip;http://localhost:8000/data/Porto/Santo_Tirso/OSM_gis_osm_places_a_free_1_Santo_Tirso.zip;HTTP 404
Santo Tirso;Porto;OSM:gis_osm_protected_areas_a_free_1;data/Porto/Santo_Tirso/OSM_gis_osm_protected_areas_a_free_1_Santo_Tirso.zip;http://localhost:8000/data/Porto/Santo_Tirso/OSM_gis_osm_protected_areas_a_free_1_Santo_Tirso.zip;HTTP 404
Trofa;Porto;OSM:gis_osm_places_a_free_1;data/Porto/Trofa/OSM_gis_osm_places_a_free_1_Trofa.zip;http://localhost:8000/data/Porto/Trofa/OSM_gis_osm_places_a_free_1_Trofa.zip;HTTP 404
Trofa;Porto;OSM:gis_osm_protected_areas_a_free_1;data/Porto/Trofa/OSM_gis_osm_protected_areas_a_free_1_Trofa.zip;http://localhost:8000/data/Porto/Trofa/OSM_gis_osm_protected_areas_a_free_1_Trofa.zip;HTTP 404
Valongo;Porto;OSM:gis_osm_natural_a_free_1;data/Porto/Valongo/OSM_gis_osm_natural_a_free_1_Valongo.zip;http://localhost:8000/data/Porto/Valongo/OSM_gis_osm_natural_a_free_1_Valongo.zip;HTTP 404
Vila do Conde;Porto;OSM:gis_osm_places_a_free_1;data/Porto/Vila_do_Conde/OSM_gis_osm_places_a_free_1_Vila_do_Conde.zip;http://localhost:8000/data/Porto/Vila_do_Conde/OSM_gis_osm_places_a_free_1_Vila_do_Conde.zip;HTTP 404
Abrantes;Santarém;OSM:gis_osm_places_a_free_1;data/Santarém/Abrantes/OSM_gis_osm_places_a_free_1_Abrantes.zip;http://localhost:8000/data/Santar%C3%A9m/Abrantes/OSM_gis_osm_places_a_free_1_Abrantes.zip;HTTP 404
Abrantes;Santarém;OSM:gis_osm_protected_areas_a_free_1;data/Santarém/Abrantes/OSM_gis_osm_protected_areas_a_free_1_Abrantes.zip;http://localhost:8000/data/Santar%C3%A9m/Abrantes/OSM_gis_osm_protected_areas_a_free_1_Abrantes.zip;HTTP 404
Almeirim;Santarém;OSM:gis_osm_natural_a_free_1;data/Santarém/Almeirim/OSM_gis_osm_natural_a_free_1_Almeirim.zip;http://localhost:8000/data/Santar%C3%A9m/Almeirim/OSM_gis_osm_natural_a_free_1_Almeirim.zip;HTTP 404
Almeirim;Santarém;OSM:gis_osm_protected_areas_a_free_1;data/Santarém/Almeirim/OSM_gis_osm_protected_areas_a_free_1_Almeirim.zip;http://localhost:8000/data/Santar%C3%A9m/Almeirim/OSM_gis_osm_protected_areas_a_free_1_Almeirim.zip;HTTP 404
Almeirim;Santarém;OSM:gis_osm_railways_free_1;data/Santarém/Almeirim/OSM_gis_osm_railways_free_1_Almeirim.zip;http://localhost:8000/data/Santar%C3%A9m/Almeirim/OSM_gis_osm_railways_free_1_Almeirim.zip;HTTP 404
Alpiarça;Santarém;OSM:gis_osm_places_a_free_1;data/Santarém/Alpiarça/OSM_gis_osm_places_a_free_1_Alpiarça.zip;http://localhost:8000/data/Santar%C3%A9m/Alpiar%C3%A7a/OSM_gis_osm_places_a_free_1_Alpiar%C3%A7a.zip;HTTP 404
Alpiarça;Santarém;OSM:gis_osm_railways_free_1;data/Santarém/Alpiarça/OSM_gis_osm_railways_free_1_Alpiarça.zip;http://localhost:8000/data/Santar%C3%A9m/Alpiar%C3%A7a/OSM_gis_osm_railways_free_1_Alpiar%C3%A7a.zip;HTTP 404
Benavente;Santarém;OSM:gis_osm_natural_a_free_1;data/Santarém/Benavente/OSM_gis_osm_natural_a_free_1_Benavente.zip;http://localhost:8000/data/Santar%C3%A9m/Benavente/OSM_gis_osm_natural_a_free_1_Benavente.zip;HTTP 404
Benavente;Santarém;OSM:gis_osm_places_a_free_1;data/Santarém/Benavente/OSM_gis_osm_places_a_free_1_Benavente.zip;http://localhost:8000/data/Santar%C3%A9m/Benavente/OSM_gis_osm_places_a_free_1_Benavente.zip;HTTP 404
Benavente;Santarém;OSM:gis_osm_railways_free_1;data/Santarém/Benavente/OSM_gis_osm_railways_free_1_Benavente.zip;http://localhost:8000/data/Santar%C3%A9m/Benavente/OSM_gis_osm_railways_free_1_Benavente.zip;HTTP 404
Cartaxo;Santarém;OSM:gis_osm_protected_areas_a_free_1;data/Santarém/Cartaxo/OSM_gis_osm_protected_areas_a_free_1_Cartaxo.zip;http://localhost:8000/data/Santar%C3%A9m/Cartaxo/OSM_gis_osm_protected_areas_a_free_1_Cartaxo.zip;HTTP 404
Chamusca;Santarém;OSM:gis_osm_places_a_free_1;data/Santarém/Chamusca/OSM_gis_osm_places_a_free_1_Chamusca.zip;http://localhost:8000/data/Santar%C3%A9m/Chamusca/OSM_gis_osm_places_a_free_1_Chamusca.zip;HTTP 404
Chamusca;Santarém;OSM:gis_osm_protected_areas_a_free_1;data/Santarém/Chamusca/OSM_gis_osm_protected_areas_a_free_1_Chamusca.zip;http://localhost:8000/data/Santar%C3%A9m/Chamusca/OSM_gis_osm_protected_areas_a_free_1_Chamusca.zip;HTTP 404
Chamusca;Santarém;OSM:gis_osm_railways_free_1;data/Santarém/Chamusca/OSM_gis_osm_railways_free_1_Chamusca.zip;http://localhost:8000/data/Santar%C3%A9m/Chamusca/OSM_gis_osm_railways_free_1_Chamusca.zip;HTTP 404
Constância;Santarém;OSM:gis_osm_natural_free_1;data/Santarém/Constância/OSM_gis_osm_natural_free_1_Constância.zip;http://localhost:8000/data/Santar%C3%A9m/Const%C3%A2ncia/OSM_gis_osm_natural_free_1_Const%C3%A2ncia.zip;HTTP 404
Constância;Santarém;OSM:gis_osm_places_a_free_1;data/Santarém/Constância/OSM_gis_osm_places_a_free_1_Constância.zip;http://localhost:8000/data/Santar%C3%A9m/Const%C3%A2ncia/OSM_gis_osm_places_a_free_1_Const%C3%A2ncia.zip;HTTP 404
Coruche;Santarém;OSM:gis_osm_places_a_free_1;data/Santarém/Coruche/OSM_gis_osm_places_a_free_1_Coruche.zip;http://localhost:8000/data/Santar%C3%A9m/Coruche/OSM_gis_osm_places_a_free_1_Coruche.zip;HTTP 404
Entroncamento;Santarém;OSM:gis_osm_natural_a_free_1;data/Santarém/Entroncamento/OSM_gis_osm_natural_a_free_1_Entroncamento.zip;http://localhost:8000/data/Santar%C3%A9m/Entroncamento/OSM_gis_osm_natural_a_free_1_Entroncamento.zip;HTTP 404
Entroncamento;Santarém;OSM:gis_osm_places_a_free_1;data/Santarém/Entroncamento/OSM_gis_osm_places_a_free_1_Entroncamento.zip;http://localhost:8000/data/Santar%C3%A9m/Entroncamento/OSM_gis_osm_places_a_free_1_Entroncamento.zip;HTTP 404
Entroncamento;Santarém;OSM:gis_osm_protected_areas_a_free_1;data/Santarém/Entroncamento/OSM_gis_osm_protected_areas_a_free_1_Entroncamento.zip;http://localhost:8000/data/Santar%C3%A9m/Entroncamento/OSM_gis_osm_protected_areas_a_free_1_Entroncamento.zip;HTTP 404
Ferreira do Zêzere;Santarém;OSM:gis_osm_places_a_free_1;data/Santarém/Ferreira_do_Zêzere/OSM_gis_osm_places_a_free_1_Ferreira_do_Zêzere.zip;http://localhost:8000/data/Santar%C3%A9m/Ferreira_do_Z%C3%AAzere/OSM_gis_osm_places_a_free_1_Ferreira_do_Z%C3%AAzere.zip;HTTP 404
Ferreira do Zêzere;Santarém;OSM:gis_osm_protected_areas_a_free_1;data/Santarém/Ferreira_do_Zêzere/OSM_gis_osm_protected_areas_a_free_1_Ferreira_do_Zêzere.zip;http://localhost:8000/data/Santar%C3%A9m/Ferreira_do_Z%C3%AAzere/OSM_gis_osm_protected_areas_a_free_1_Ferreira_do_Z%C3%AAzere.zip;HTTP 404
Ferreira do Zêzere;Santarém;OSM:gis_osm_railways_free_1;data/Santarém/Ferreira_do_Zêzere/OSM_gis_osm_railways_free_1_Ferreira_do_Zêzere.zip;http://localhost:8000/data/Santar%C3%A9m/Ferreira_do_Z%C3%AAzere/OSM_gis_osm_railways_free_1_Ferreira_do_Z%C3%AAzere.zip;HTTP 404
Golegã;Santarém;OSM:gis_osm_natural_a_free_1;data/Santarém/Golegã/OSM_gis_osm_natural_a_free_1_Golegã.zip;http://localhost:8000/data/Santar%C3%A9m/Goleg%C3%A3/OSM_gis_osm_natural_a_free_1_Goleg%C3%A3.zip;HTTP 404
Rio Maior;Santarém;OSM:gis_osm_natural_a_free_1;data/Santarém/Rio_Maior/OSM_gis_osm_natural_a_free_1_Rio_Maior.zip;http://localhost:8000/data/Santar%C3%A9m/Rio_Maior/OSM_gis_osm_natural_a_free_1_Rio_Maior.zip;HTTP 404
Rio Maior;Santarém;OSM:gis_osm_places_a_free_1;data/Santarém/Rio_Maior/OSM_gis_osm_places_a_free_1_Rio_Maior.zip;http://localhost:8000/data/Santar%C3%A9m/Rio_Maior/OSM_gis_osm_places_a_free_1_Rio_Maior.zip;HTTP 404
Rio Maior;Santarém;OSM:gis_osm_railways_free_1;data/Santarém/Rio_Maior/OSM_gis_osm_railways_free_1_Rio_Maior.zip;http://localhost:8000/data/Santar%C3%A9m/Rio_Maior/OSM_gis_osm_railways_free_1_Rio_Maior.zip;HTTP 404
Salvaterra de Magos;Santarém;OSM:gis_osm_protected_areas_a_free_1;data/Santarém/Salvaterra_de_Magos/OSM_gis_osm_protected_areas_a_free_1_Salvaterra_de_Magos.zip;http://localhost:8000/data/Santar%C3%A9m/Salvaterra_de_Magos/OSM_gis_osm_protected_areas_a_free_1_Salvaterra_de_Magos.zip;HTTP 404
Sardoal;Santarém;OSM:gis_osm_natural_a_free_1;data/Santarém/Sardoal/OSM_gis_osm_natural_a_free_1_Sardoal.zip;http://localhost:8000/data/Santar%C3%A9m/Sardoal/OSM_gis_osm_natural_a_free_1_Sardoal.zip;HTTP 404
Sardoal;Santarém;OSM:gis_osm_places_a_free_1;data/Santarém/Sardoal/OSM_gis_osm_places_a_free_1_Sardoal.zip;http://localhost:8000/data/Santar%C3%A9m/Sardoal/OSM_gis_osm_places_a_free_1_Sardoal.zip;HTTP 404
Sardoal;Santarém;OSM:gis_osm_protected_areas_a_free_1;data/Santarém/Sardoal/OSM_gis_osm_protected_areas_a_free_1_Sardoal.zip;http://localhost:8000/data/Santar%C3%A9m/Sardoal/OSM_gis_osm_protected_areas_a_free_1_Sardoal.zip;HTTP 404
Sardoal;Santarém;OSM:gis_osm_railways_free_1;data/Santarém/Sardoal/OSM_gis_osm_railways_free_1_Sardoal.zip;http://localhost:8000/data/Santar%C3%A9m/Sardoal/OSM_gis_osm_railways_free_1_Sardoal.zip;HTTP 404
Torres Novas;Santarém;OSM:gis_osm_natural_a_free_1;data/Santarém/Torres_Novas/OSM_gis_osm_natural_a_free_1_Torres_Novas.zip;http://localhost:8000/data/Santar%C3%A9m/Torres_Novas/OSM_gis_osm_natural_a_free_1_Torres_Novas.zip;HTTP 404
Vila Nova da Barquinha;Santarém;OSM:gis_osm_places_a_free_1;data/Santarém/Vila_Nova_da_Barquinha/OSM_gis_osm_places_a_free_1_Vila_Nova_da_Barquinha.zip;http://localhost:8000/data/Santar%C3%A9m/Vila_Nova_da_Barquinha/OSM_gis_osm_places_a_free_1_Vila_Nova_da_Barquinha.zip;HTTP 404
Vila Nova da Barquinha;Santarém;OSM:gis_osm_protected_areas_a_free_1;data/Santarém/Vila_Nova_da_Barquinha/OSM_gis_osm_protected_areas_a_free_1_Vila_Nova_da_Barquinha.zip;http://localhost:8000/data/Santar%C3%A9m/Vila_Nova_da_Barquinha/OSM_gis_osm_protected_areas_a_free_1_Vila_Nova_da_Barquinha.zip;HTTP 404
Alcochete;Setúbal;OSM:gis_osm_places_a_free_1;data/Setúbal/Alcochete/OSM_gis_osm_places_a_free_1_Alcochete.zip;http://localhost:8000/data/Set%C3%BAbal/Alcochete/OSM_gis_osm_places_a_free_1_Alcochete.zip;HTTP 404
Alcochete;Setúbal;OSM:gis_osm_railways_free_1;data/Setúbal/Alcochete/OSM_gis_osm_railways_free_1_Alcochete.zip;http://localhost:8000/data/Set%C3%BAbal/Alcochete/OSM_gis_osm_railways_free_1_Alcochete.zip;HTTP 404
Alcácer do Sal;Setúbal;OSM:gis_osm_natural_a_free_1;data/Setúbal/Alcácer_do_Sal/OSM_gis_osm_natural_a_free_1_Alcácer_do_Sal.zip;http://localhost:8000/data/Set%C3%BAbal/Alc%C3%A1cer_do_Sal/OSM_gis_osm_natural_a_free_1_Alc%C3%A1cer_do_Sal.zip;HTTP 404
Alcácer do Sal;Setúbal;OSM:gis_osm_places_a_free_1;data/Setúbal/Alcácer_do_Sal/OSM_gis_osm_places_a_free_1_Alcácer_do_Sal.zip;http://localhost:8000/data/Set%C3%BAbal/Alc%C3%A1cer_do_Sal/OSM_gis_osm_places_a_free_1_Alc%C3%A1cer_do_Sal.zip;HTTP 404
Barreiro;Setúbal;OSM:gis_osm_places_a_free_1;data/Setúbal/Barreiro/OSM_gis_osm_places_a_free_1_Barreiro.zip;http://localhost:8000/data/Set%C3%BAbal/Barreiro/OSM_gis_osm_places_a_free_1_Barreiro.zip;HTTP 404
Grândola;Setúbal;OSM:gis_osm_places_a_free_1;data/Setúbal/Grândola/OSM_gis_osm_places_a_free_1_Grândola.zip;http://localhost:8000/data/Set%C3%BAbal/Gr%C3%A2ndola/OSM_gis_osm_places_a_free_1_Gr%C3%A2ndola.zip;HTTP 404
Moita;Setúbal;OSM:gis_osm_places_a_free_1;data/Setúbal/Moita/OSM_gis_osm_places_a_free_1_Moita.zip;http://localhost:8000/data/Set%C3%BAbal/Moita/OSM_gis_osm_places_a_free_1_Moita.zip;HTTP 404
Palmela;Setúbal;OSM:gis_osm_natural_a_free_1;data/Setúbal/Palmela/OSM_gis_osm_natural_a_free_1_Palmela.zip;http://localhost:8000/data/Set%C3%BAbal/Palmela/OSM_gis_osm_natural_a_free_1_Palmela.zip;HTTP 404
Santiago do Cacém;Setúbal;OSM:gis_osm_places_a_free_1;data/Setúbal/Santiago_do_Cacém/OSM_gis_osm_places_a_free_1_Santiago_do_Cacém.zip;http://localhost:8000/data/Set%C3%BAbal/Santiago_do_Cac%C3%A9m/OSM_gis_osm_places_a_free_1_Santiago_do_Cac%C3%A9m.zip;HTTP 404
Arcos de Valdevez;Viana do Castelo;OSM:gis_osm_railways_free_1;data/Viana_do_Castelo/Arcos_de_Valdevez/OSM_gis_osm_railways_free_1_Arcos_de_Valdevez.zip;http://localhost:8000/data/Viana_do_Castelo/Arcos_de_Valdevez/OSM_gis_osm_railways_free_1_Arcos_de_Valdevez.zip;HTTP 404
Monção;Viana do Castelo;OSM:gis_osm_railways_free_1;data/Viana_do_Castelo/Monção/OSM_gis_osm_railways_free_1_Monção.zip;http://localhost:8000/data/Viana_do_Castelo/Mon%C3%A7%C3%A3o/OSM_gis_osm_railways_free_1_Mon%C3%A7%C3%A3o.zip;HTTP 404
Paredes de Coura;Viana do Castelo;OSM:gis_osm_railways_free_1;data/Viana_do_Castelo/Paredes_de_Coura/OSM_gis_osm_railways_free_1_Paredes_de_Coura.zip;http://localhost:8000/data/Viana_do_Castelo/Paredes_de_Coura/OSM_gis_osm_railways_free_1_Paredes_de_Coura.zip;HTTP 404
Ponte da Barca;Viana do Castelo;OSM:gis_osm_railways_free_1;data/Viana_do_Castelo/Ponte_da_Barca/OSM_gis_osm_railways_free_1_Ponte_da_Barca.zip;http://localhost:8000/data/Viana_do_Castelo/Ponte_da_Barca/OSM_gis_osm_railways_free_1_Ponte_da_Barca.zip;HTTP 404
Ponte de Lima;Viana do Castelo;OSM:gis_osm_railways_free_1;data/Viana_do_Castelo/Ponte_de_Lima/OSM_gis_osm_railways_free_1_Ponte_de_Lima.zip;http://localhost:8000/data/Viana_do_Castelo/Ponte_de_Lima/OSM_gis_osm_railways_free_1_Ponte_de_Lima.zip;HTTP 404
Boticas;Vila Real;OSM:gis_osm_places_a_free_1;data/Vila_Real/Boticas/OSM_gis_osm_places_a_free_1_Boticas.zip;http://localhost:8000/data/Vila_Real/Boticas/OSM_gis_osm_places_a_free_1_Boticas.zip;HTTP 404
Boticas;Vila Real;OSM:gis_osm_railways_free_1;data/Vila_Real/Boticas/OSM_gis_osm_railways_free_1_Boticas.zip;http://localhost:8000/data/Vila_Real/Boticas/OSM_gis_osm_railways_free_1_Boticas.zip;HTTP 404
Chaves;Vila Real;OSM:gis_osm_railways_free_1;data/Vila_Real/Chaves/OSM_gis_osm_railways_free_1_Chaves.zip;http://localhost:8000/data/Vila_Real/Chaves/OSM_gis_osm_railways_free_1_Chaves.zip;HTTP 404
Mesão Frio;Vila Real;OSM:gis_osm_places_a_free_1;data/Vila_Real/Mesão_Frio/OSM_gis_osm_places_a_free_1_Mesão_Frio.zip;http://localhost:8000/data/Vila_Real/Mes%C3%A3o_Frio/OSM_gis_osm_places_a_free_1_Mes%C3%A3o_Frio.zip;HTTP 404
Mondim de Basto;Vila Real;OSM:gis_osm_places_a_free_1;data/Vila_Real/Mondim_de_Basto/OSM_gis_osm_places_a_free_1_Mondim_de_Basto.zip;http://localhost:8000/data/Vila_Real/Mondim_de_Basto/OSM_gis_osm_places_a_free_1_Mondim_de_Basto.zip;HTTP 404
Mondim de Basto;Vila Real;OSM:gis_osm_railways_free_1;data/Vila_Real/Mondim_de_Basto/OSM_gis_osm_railways_free_1_Mondim_de_Basto.zip;http://localhost:8000/data/Vila_Real/Mondim_de_Basto/OSM_gis_osm_railways_free_1_Mondim_de_Basto.zip;HTTP 404
Montalegre;Vila Real;OSM:gis_osm_railways_free_1;data/Vila_Real/Montalegre/OSM_gis_osm_railways_free_1_Montalegre.zip;http://localhost:8000/data/Vila_Real/Montalegre/OSM_gis_osm_railways_free_1_Montalegre.zip;HTTP 404
Murça;Vila Real;OSM:gis_osm_places_a_free_1;data/Vila_Real/Murça/OSM_gis_osm_places_a_free_1_Murça.zip;http://localhost:8000/data/Vila_Real/Mur%C3%A7a/OSM_gis_osm_places_a_free_1_Mur%C3%A7a.zip;HTTP 404
Murça;Vila Real;OSM:gis_osm_railways_free_1;data/Vila_Real/Murça/OSM_gis_osm_railways_free_1_Murça.zip;http://localhost:8000/data/Vila_Real/Mur%C3%A7a/OSM_gis_osm_railways_free_1_Mur%C3%A7a.zip;HTTP 404
Peso da Régua;Vila Real;OSM:gis_osm_natural_a_free_1;data/Vila_Real/Peso_da_Régua/OSM_gis_osm_natural_a_free_1_Peso_da_Régua.zip;http://localhost:8000/data/Vila_Real/Peso_da_R%C3%A9gua/OSM_gis_osm_natural_a_free_1_Peso_da_R%C3%A9gua.zip;HTTP 404
Peso da Régua;Vila Real;OSM:gis_osm_places_a_free_1;data/Vila_Real/Peso_da_Régua/OSM_gis_osm_places_a_free_1_Peso_da_Régua.zip;http://localhost:8000/data/Vila_Real/Peso_da_R%C3%A9gua/OSM_gis_osm_places_a_free_1_Peso_da_R%C3%A9gua.zip;HTTP 404
Ribeira de Pena;Vila Real;OSM:gis_osm_natural_a_free_1;data/Vila_Real/Ribeira_de_Pena/OSM_gis_osm_natural_a_free_1_Ribeira_de_Pena.zip;http://localhost:8000/data/Vila_Real/Ribeira_de_Pena/OSM_gis_osm_natural_a_free_1_Ribeira_de_Pena.zip;HTTP 404
Ribeira de Pena;Vila Real;OSM:gis_osm_places_a_free_1;data/Vila_Real/Ribeira_de_Pena/OSM_gis_osm_places_a_free_1_Ribeira_de_Pena.zip;http://localhost:8000/data/Vila_Real/Ribeira_de_Pena/OSM_gis_osm_places_a_free_1_Ribeira_de_Pena.zip;HTTP 404
Ribeira de Pena;Vila Real;OSM:gis_osm_railways_free_1;data/Vila_Real/Ribeira_de_Pena/OSM_gis_osm_railways_free_1_Ribeira_de_Pena.zip;http://localhost:8000/data/Vila_Real/Ribeira_de_Pena/OSM_gis_osm_railways_free_1_Ribeira_de_Pena.zip;HTTP 404
Sabrosa;Vila Real;OSM:gis_osm_places_a_free_1;data/Vila_Real/Sabrosa/OSM_gis_osm_places_a_free_1_Sabrosa.zip;http://localhost:8000/data/Vila_Real/Sabrosa/OSM_gis_osm_places_a_free_1_Sabrosa.zip;HTTP 404
Santa Marta de Penaguião;Vila Real;OSM:gis_osm_places_a_free_1;data/Vila_Real/Santa_Marta_de_Penaguião/OSM_gis_osm_places_a_free_1_Santa_Marta_de_Penaguião.zip;http://localhost:8000/data/Vila_Real/Santa_Marta_de_Penagui%C3%A3o/OSM_gis_osm_places_a_free_1_Santa_Marta_de_Penagui%C3%A3o.zip;HTTP 404
Santa Marta de Penaguião;Vila Real;OSM:gis_osm_railways_free_1;data/Vila_Real/Santa_Marta_de_Penaguião/OSM_gis_osm_railways_free_1_Santa_Marta_de_Penaguião.zip;http://localhost:8000/data/Vila_Real/Santa_Marta_de_Penagui%C3%A3o/OSM_gis_osm_railways_free_1_Santa_Marta_de_Penagui%C3%A3o.zip;HTTP 404
Valpaços;Vila Real;OSM:gis_osm_places_a_free_1;data/Vila_Real/Valpaços/OSM_gis_osm_places_a_free_1_Valpaços.zip;http://localhost:8000/data/Vila_Real/Valpa%C3%A7os/OSM_gis_osm_places_a_free_1_Valpa%C3%A7os.zip;HTTP 404
Valpaços;Vila Real;OSM:gis_osm_railways_free_1;data/Vila_Real/Valpaços/OSM_gis_osm_railways_free_1_Valpaços.zip;http://localhost:8000/data/Vila_Real/Valpa%C3%A7os/OSM_gis_osm_railways_free_1_Valpa%C3%A7os.zip;HTTP 404
Vila Pouca de Aguiar;Vila Real;OSM:gis_osm_natural_a_free_1;data/Vila_Real/Vila_Pouca_de_Aguiar/OSM_gis_osm_natural_a_free_1_Vila_Pouca_de_Aguiar.zip;http://localhost:8000/data/Vila_Real/Vila_Pouca_de_Aguiar/OSM_gis_osm_natural_a_free_1_Vila_Pouca_de_Aguiar.zip;HTTP 404
Vila Pouca de Aguiar;Vila Real;OSM:gis_osm_places_a_free_1;data/Vila_Real/Vila_Pouca_de_Aguiar/OSM_gis_osm_places_a_free_1_Vila_Pouca_de_Aguiar.zip;http://localhost:8000/data/Vila_Real/Vila_Pouca_de_Aguiar/OSM_gis_osm_places_a_free_1_Vila_Pouca_de_Aguiar.zip;HTTP 404
Vila Pouca de Aguiar;Vila Real;OSM:gis_osm_railways_free_1;data/Vila_Real/Vila_Pouca_de_Aguiar/OSM_gis_osm_railways_free_1_Vila_Pouca_de_Aguiar.zip;http://localhost:8000/data/Vila_Real/Vila_Pouca_de_Aguiar/OSM_gis_osm_railways_free_1_Vila_Pouca_de_Aguiar.zip;HTTP 404
Armamar;Viseu;OSM:gis_osm_natural_a_free_1;data/Viseu/Armamar/OSM_gis_osm_natural_a_free_1_Armamar.zip;http://localhost:8000/data/Viseu/Armamar/OSM_gis_osm_natural_a_free_1_Armamar.zip;HTTP 404
Carregal do Sal;Viseu;OSM:gis_osm_places_a_free_1;data/Viseu/Carregal_do_Sal/OSM_gis_osm_places_a_free_1_Carregal_do_Sal.zip;http://localhost:8000/data/Viseu/Carregal_do_Sal/OSM_gis_osm_places_a_free_1_Carregal_do_Sal.zip;HTTP 404
Castro Daire;Viseu;OSM:gis_osm_railways_free_1;data/Viseu/Castro_Daire/OSM_gis_osm_railways_free_1_Castro_Daire.zip;http://localhost:8000/data/Viseu/Castro_Daire/OSM_gis_osm_railways_free_1_Castro_Daire.zip;HTTP 404
Lamego;Viseu;OSM:gis_osm_railways_free_1;data/Viseu/Lamego/OSM_gis_osm_railways_free_1_Lamego.zip;http://localhost:8000/data/Viseu/Lamego/OSM_gis_osm_railways_free_1_Lamego.zip;HTTP 404
Mangualde;Viseu;OSM:gis_osm_places_a_free_1;data/Viseu/Mangualde/OSM_gis_osm_places_a_free_1_Mangualde.zip;http://localhost:8000/data/Viseu/Mangualde/OSM_gis_osm_places_a_free_1_Mangualde.zip;HTTP 404
Moimenta da Beira;Viseu;OSM:gis_osm_places_a_free_1;data/Viseu/Moimenta_da_Beira/OSM_gis_osm_places_a_free_1_Moimenta_da_Beira.zip;http://localhost:8000/data/Viseu/Moimenta_da_Beira/OSM_gis_osm_places_a_free_1_Moimenta_da_Beira.zip;HTTP 404
Moimenta da Beira;Viseu;OSM:gis_osm_railways_free_1;data/Viseu/Moimenta_da_Beira/OSM_gis_osm_railways_free_1_Moimenta_da_Beira.zip;http://localhost:8000/data/Viseu/Moimenta_da_Beira/OSM_gis_osm_railways_free_1_Moimenta_da_Beira.zip;HTTP 404
Mortágua;Viseu;OSM:gis_osm_natural_a_free_1;data/Viseu/Mortágua/OSM_gis_osm_natural_a_free_1_Mortágua.zip;http://localhost:8000/data/Viseu/Mort%C3%A1gua/OSM_gis_osm_natural_a_free_1_Mort%C3%A1gua.zip;HTTP 404
Nelas;Viseu;OSM:gis_osm_places_a_free_1;data/Viseu/Nelas/OSM_gis_osm_places_a_free_1_Nelas.zip;http://localhost:8000/data/Viseu/Nelas/OSM_gis_osm_places_a_free_1_Nelas.zip;HTTP 404
Nelas;Viseu;OSM:gis_osm_protected_areas_a_free_1;data/Viseu/Nelas/OSM_gis_osm_protected_areas_a_free_1_Nelas.zip;http://localhost:8000/data/Viseu/Nelas/OSM_gis_osm_protected_areas_a_free_1_Nelas.zip;HTTP 404
Oliveira de Frades;Viseu;OSM:gis_osm_natural_a_free_1;data/Viseu/Oliveira_de_Frades/OSM_gis_osm_natural_a_free_1_Oliveira_de_Frades.zip;http://localhost:8000/data/Viseu/Oliveira_de_Frades/OSM_gis_osm_natural_a_free_1_Oliveira_de_Frades.zip;HTTP 404
Oliveira de Frades;Viseu;OSM:gis_osm_places_a_free_1;data/Viseu/Oliveira_de_Frades/OSM_gis_osm_places_a_free_1_Oliveira_de_Frades.zip;http://localhost:8000/data/Viseu/Oliveira_de_Frades/OSM_gis_osm_places_a_free_1_Oliveira_de_Frades.zip;HTTP 404
Oliveira de Frades;Viseu;OSM:gis_osm_railways_free_1;data/Viseu/Oliveira_de_Frades/OSM_gis_osm_railways_free_1_Oliveira_de_Frades.zip;http://localhost:8000/data/Viseu/Oliveira_de_Frades/OSM_gis_osm_railways_free_1_Oliveira_de_Frades.zip;HTTP 404
Penalva do Castelo;Viseu;OSM:gis_osm_natural_a_free_1;data/Viseu/Penalva_do_Castelo/OSM_gis_osm_natural_a_free_1_Penalva_do_Castelo.zip;http://localhost:8000/data/Viseu/Penalva_do_Castelo/OSM_gis_osm_natural_a_free_1_Penalva_do_Castelo.zip;HTTP 404
Penalva do Castelo;Viseu;OSM:gis_osm_places_a_free_1;data/Viseu/Penalva_do_Castelo/OSM_gis_osm_places_a_free_1_Penalva_do_Castelo.zip;http://localhost:8000/data/Viseu/Penalva_do_Castelo/OSM_gis_osm_places_a_free_1_Penalva_do_Castelo.zip;HTTP 404
Penalva do Castelo;Viseu;OSM:gis_osm_protected_areas_a_free_1;data/Viseu/Penalva_do_Castelo/OSM_gis_osm_protected_areas_a_free_1_Penalva_do_Castelo.zip;http://localhost:8000/data/Viseu/Penalva_do_Castelo/OSM_gis_osm_protected_areas_a_free_1_Penalva_do_Castelo.zip;HTTP 404
Penalva do Castelo;Viseu;OSM:gis_osm_railways_free_1;data/Viseu/Penalva_do_Castelo/OSM_gis_osm_railways_free_1_Penalva_do_Castelo.zip;http://localhost:8000/data/Viseu/Penalva_do_Castelo/OSM_gis_osm_railways_free_1_Penalva_do_Castelo.zip;HTTP 404
Penedono;Viseu;OSM:gis_osm_natural_a_free_1;data/Viseu/Penedono/OSM_gis_osm_natural_a_free_1_Penedono.zip;http://localhost:8000/data/Viseu/Penedono/OSM_gis_osm_natural_a_free_1_Penedono.zip;HTTP 404
Penedono;Viseu;OSM:gis_osm_places_a_free_1;data/Viseu/Penedono/OSM_gis_osm_places_a_free_1_Penedono.zip;http://localhost:8000/data/Viseu/Penedono/OSM_gis_osm_places_a_free_1_Penedono.zip;HTTP 404
Penedono;Viseu;OSM:gis_osm_railways_free_1;data/Viseu/Penedono/OSM_gis_osm_railways_free_1_Penedono.zip;http://localhost:8000/data/Viseu/Penedono/OSM_gis_osm_railways_free_1_Penedono.zip;HTTP 404
Resende;Viseu;OSM:gis_osm_natural_a_free_1;data/Viseu/Resende/OSM_gis_osm_natural_a_free_1_Resende.zip;http://localhost:8000/data/Viseu/Resende/OSM_gis_osm_natural_a_free_1_Resende.zip;HTTP 404
Resende;Viseu;OSM:gis_osm_places_a_free_1;data/Viseu/Resende/OSM_gis_osm_places_a_free_1_Resende.zip;http://localhost:8000/data/Viseu/Resende/OSM_gis_osm_places_a_free_1_Resende.zip;HTTP 404
Resende;Viseu;OSM:gis_osm_railways_free_1;data/Viseu/Resende/OSM_gis_osm_railways_free_1_Resende.zip;http://localhost:8000/data/Viseu/Resende/OSM_gis_osm_railways_free_1_Resende.zip;HTTP 404
Santa Comba Dão;Viseu;OSM:gis_osm_natural_a_free_1;data/Viseu/Santa_Comba_Dão/OSM_gis_osm_natural_a_free_1_Santa_Comba_Dão.zip;http://localhost:8000/data/Viseu/Santa_Comba_D%C3%A3o/OSM_gis_osm_natural_a_free_1_Santa_Comba_D%C3%A3o.zip;HTTP 404
Santa Comba Dão;Viseu;OSM:gis_osm_places_a_free_1;data/Viseu/Santa_Comba_Dão/OSM_gis_osm_places_a_free_1_Santa_Comba_Dão.zip;http://localhost:8000/data/Viseu/Santa_Comba_D%C3%A3o/OSM_gis_osm_places_a_free_1_Santa_Comba_D%C3%A3o.zip;HTTP 404
Santa Comba Dão;Viseu;OSM:gis_osm_protected_areas_a_free_1;data/Viseu/Santa_Comba_Dão/OSM_gis_osm_protected_areas_a_free_1_Santa_Comba_Dão.zip;http://localhost:8000/data/Viseu/Santa_Comba_D%C3%A3o/OSM_gis_osm_protected_areas_a_free_1_Santa_Comba_D%C3%A3o.zip;HTTP 404
Sernancelhe;Viseu;OSM:gis_osm_places_a_free_1;data/Viseu/Sernancelhe/OSM_gis_osm_places_a_free_1_Sernancelhe.zip;http://localhost:8000/data/Viseu/Sernancelhe/OSM_gis_osm_places_a_free_1_Sernancelhe.zip;HTTP 404
Sernancelhe;Viseu;OSM:gis_osm_railways_free_1;data/Viseu/Sernancelhe/OSM_gis_osm_railways_free_1_Sernancelhe.zip;http://localhost:8000/data/Viseu/Sernancelhe/OSM_gis_osm_railways_free_1_Sernancelhe.zip;HTTP 404
Sátão;Viseu;OSM:gis_osm_railways_free_1;data/Viseu/Sátão/OSM_gis_osm_railways_free_1_Sátão.zip;http://localhost:8000/data/Viseu/S%C3%A1t%C3%A3o/OSM_gis_osm_railways_free_1_S%C3%A1t%C3%A3o.zip;HTTP 404
São João da Pesqueira;Viseu;OSM:gis_osm_natural_a_free_1;data/Viseu/São_João_da_Pesqueira/OSM_gis_osm_natural_a_free_1_São_João_da_Pesqueira.zip;http://localhost:8000/data/Viseu/S%C3%A3o_Jo%C3%A3o_da_Pesqueira/OSM_gis_osm_natural_a_free_1_S%C3%A3o_Jo%C3%A3o_da_Pesqueira.zip;HTTP 404
São Pedro do Sul;Viseu;OSM:gis_osm_railways_free_1;data/Viseu/São_Pedro_do_Sul/OSM_gis_osm_railways_free_1_São_Pedro_do_Sul.zip;http://localhost:8000/data/Viseu/S%C3%A3o_Pedro_do_Sul/OSM_gis_osm_railways_free_1_S%C3%A3o_Pedro_do_Sul.zip;HTTP 404
Tabuaço;Viseu;OSM:gis_osm_places_a_free_1;data/Viseu/Tabuaço/OSM_gis_osm_places_a_free_1_Tabuaço.zip;http://localhost:8000/data/Viseu/Tabua%C3%A7o/OSM_gis_osm_places_a_free_1_Tabua%C3%A7o.zip;HTTP 404
Tabuaço;Viseu;OSM:gis_osm_railways_free_1;data/Viseu/Tabuaço/OSM_gis_osm_railways_free_1_Tabuaço.zip;http://localhost:8000/data/Viseu/Tabua%C3%A7o/OSM_gis_osm_railways_free_1_Tabua%C3%A7o.zip;HTTP 404
Tarouca;Viseu;OSM:gis_osm_natural_a_free_1;data/Viseu/Tarouca/OSM_gis_osm_natural_a_free_1_Tarouca.zip;http://localhost:8000/data/Viseu/Tarouca/OSM_gis_osm_natural_a_free_1_Tarouca.zip;HTTP 404
Tarouca;Viseu;OSM:gis_osm_places_a_free_1;data/Viseu/Tarouca/OSM_gis_osm_places_a_free_1_Tarouca.zip;http://localhost:8000/data/Viseu/Tarouca/OSM_gis_osm_places_a_free_1_Tarouca.zip;HTTP 404
Tarouca;Viseu;OSM:gis_osm_railways_free_1;data/Viseu/Tarouca/OSM_gis_osm_railways_free_1_Tarouca.zip;http://localhost:8000/data/Viseu/Tarouca/OSM_gis_osm_railways_free_1_Tarouca.zip;HTTP 404
Tondela;Viseu;OSM:gis_osm_railways_free_1;data/Viseu/Tondela/OSM_gis_osm_railways_free_1_Tondela.zip;http://localhost:8000/data/Viseu/Tondela/OSM_gis_osm_railways_free_1_Tondela.zip;HTTP 404
Vila Nova de Paiva;Viseu;OSM:gis_osm_railways_free_1;data/Viseu/Vila_Nova_de_Paiva/OSM_gis_osm_railways_free_1_Vila_Nova_de_Paiva.zip;http://localhost:8000/data/Viseu/Vila_Nova_de_Paiva/OSM_gis_osm_railways_free_1_Vila_Nova_de_Paiva.zip;HTTP 404
Vouzela;Viseu;OSM:gis_osm_railways_free_1;data/Viseu/Vouzela/OSM_gis_osm_railways_free_1_Vouzela.zip;http://localhost:8000/data/Viseu/Vouzela/OSM_gis_osm_railways_free_1_Vouzela.zip;HTTP 404
Arraiolos;Évora;OSM:gis_osm_natural_a_free_1;data/Évora/Arraiolos/OSM_gis_osm_natural_a_free_1_Arraiolos.zip;http://localhost:8000/data/%C3%89vora/Arraiolos/OSM_gis_osm_natural_a_free_1_Arraiolos.zip;HTTP 404
Arraiolos;Évora;OSM:gis_osm_protected_areas_a_free_1;data/Évora/Arraiolos/OSM_gis_osm_protected_areas_a_free_1_Arraiolos.zip;http://localhost:8000/data/%C3%89vora/Arraiolos/OSM_gis_osm_protected_areas_a_free_1_Arraiolos.zip;HTTP 404
Arraiolos;Évora;OSM:gis_osm_railways_free_1;data/Évora/Arraiolos/OSM_gis_osm_railways_free_1_Arraiolos.zip;http://localhost:8000/data/%C3%89vora/Arraiolos/OSM_gis_osm_railways_free_1_Arraiolos.zip;HTTP 404
Borba;Évora;OSM:gis_osm_protected_areas_a_free_1;data/Évora/Borba/OSM_gis_osm_protected_areas_a_free_1_Borba.zip;http://localhost:8000/data/%C3%89vora/Borba/OSM_gis_osm_protected_areas_a_free_1_Borba.zip;HTTP 404
Borba;Évora;OSM:gis_osm_railways_free_1;data/Évora/Borba/OSM_gis_osm_railways_free_1_Borba.zip;http://localhost:8000/data/%C3%89vora/Borba/OSM_gis_osm_railways_free_1_Borba.zip;HTTP 404
Estremoz;Évora;OSM:gis_osm_railways_free_1;data/Évora/Estremoz/OSM_gis_osm_railways_free_1_Estremoz.zip;http://localhost:8000/data/%C3%89vora/Estremoz/OSM_gis_osm_railways_free_1_Estremoz.zip;HTTP 404
Montemor-o-Novo;Évora;OSM:gis_osm_natural_a_free_1;data/Évora/Montemor-o-Novo/OSM_gis_osm_natural_a_free_1_Montemor-o-Novo.zip;http://localhost:8000/data/%C3%89vora/Montemor-o-Novo/OSM_gis_osm_natural_a_free_1_Montemor-o-Novo.zip;HTTP 404
Montemor-o-Novo;Évora;OSM:gis_osm_places_a_free_1;data/Évora/Montemor-o-Novo/OSM_gis_osm_places_a_free_1_Montemor-o-Novo.zip;http://localhost:8000/data/%C3%89vora/Montemor-o-Novo/OSM_gis_osm_places_a_free_1_Montemor-o-Novo.zip;HTTP 404
Mora;Évora;OSM:gis_osm_places_a_free_1;data/Évora/Mora/OSM_gis_osm_places_a_free_1_Mora.zip;http://localhost:8000/data/%C3%89vora/Mora/OSM_gis_osm_places_a_free_1_Mora.zip;HTTP 404
Mora;Évora;OSM:gis_osm_protected_areas_a_free_1;data/Évora/Mora/OSM_gis_osm_protected_areas_a_free_1_Mora.zip;http://localhost:8000/data/%C3%89vora/Mora/OSM_gis_osm_protected_areas_a_free_1_Mora.zip;HTTP 404
Mora;Évora;OSM:gis_osm_railways_free_1;data/Évora/Mora/OSM_gis_osm_railways_free_1_Mora.zip;http://localhost:8000/data/%C3%89vora/Mora/OSM_gis_osm_railways_free_1_Mora.zip;HTTP 404
Mourão;Évora;OSM:gis_osm_protected_areas_a_free_1;data/Évora/Mourão/OSM_gis_osm_protected_areas_a_free_1_Mourão.zip;http://localhost:8000/data/%C3%89vora/Mour%C3%A3o/OSM_gis_osm_protected_areas_a_free_1_Mour%C3%A3o.zip;HTTP 404
Mourão;Évora;OSM:gis_osm_railways_free_1;data/Évora/Mourão/OSM_gis_osm_railways_free_1_Mourão.zip;http://localhost:8000/data/%C3%89vora/Mour%C3%A3o/OSM_gis_osm_railways_free_1_Mour%C3%A3o.zip;HTTP 404
Portel;Évora;OSM:gis_osm_protected_areas_a_free_1;data/Évora/Portel/OSM_gis_osm_protected_areas_a_free_1_Portel.zip;http://localhost:8000/data/%C3%89vora/Portel/OSM_gis_osm_protected_areas_a_free_1_Portel.zip;HTTP 404
Portel;Évora;OSM:gis_osm_railways_free_1;data/Évora/Portel/OSM_gis_osm_railways_free_1_Portel.zip;http://localhost:8000/data/%C3%89vora/Portel/OSM_gis_osm_railways_free_1_Portel.zip;HTTP 404
Redondo;Évora;OSM:gis_osm_natural_a_free_1;data/Évora/Redondo/OSM_gis_osm_natural_a_free_1_Redondo.zip;http://localhost:8000/data/%C3%89vora/Redondo/OSM_gis_osm_natural_a_free_1_Redondo.zip;HTTP 404
Redondo;Évora;OSM:gis_osm_places_a_free_1;data/Évora/Redondo/OSM_gis_osm_places_a_free_1_Redondo.zip;http://localhost:8000/data/%C3%89vora/Redondo/OSM_gis_osm_places_a_free_1_Redondo.zip;HTTP 404
Reguengos de Monsaraz;Évora;OSM:gis_osm_railways_free_1;data/Évora/Reguengos_de_Monsaraz/OSM_gis_osm_railways_free_1_Reguengos_de_Monsaraz.zip;http://localhost:8000/data/%C3%89vora/Reguengos_de_Monsaraz/OSM_gis_osm_railways_free_1_Reguengos_de_Monsaraz.zip;HTTP 404
Vendas Novas;Évora;OSM:gis_osm_natural_a_free_1;data/Évora/Vendas_Novas/OSM_gis_osm_natural_a_free_1_Vendas_Novas.zip;http://localhost:8000/data/%C3%89vora/Vendas_Novas/OSM_gis_osm_natural_a_free_1_Vendas_Novas.zip;HTTP 404
Vendas Novas;Évora;OSM:gis_osm_places_a_free_1;data/Évora/Vendas_Novas/OSM_gis_osm_places_a_free_1_Vendas_Novas.zip;http://localhost:8000/data/%C3%89vora/Vendas_Novas/OSM_gis_osm_places_a_free_1_Vendas_Novas.zip;HTTP 404
Vendas Novas;Évora;OSM:gis_osm_protected_areas_a_free_1;data/Évora/Vendas_Novas/OSM_gis_osm_protected_areas_a_free_1_Vendas_Novas.zip;http://localhost:8000/data/%C3%89vora/Vendas_Novas/OSM_gis_osm_protected_areas_a_free_1_Vendas_Novas.zip;HTTP 404
Viana do Alentejo;Évora;OSM:gis_osm_natural_a_free_1;data/Évora/Viana_do_Alentejo/OSM_gis_osm_natural_a_free_1_Viana_do_Alentejo.zip;http://localhost:8000/data/%C3%89vora/Viana_do_Alentejo/OSM_gis_osm_natural_a_free_1_Viana_do_Alentejo.zip;HTTP 404
Vila Viçosa;Évora;OSM:gis_osm_natural_a_free_1;data/Évora/Vila_Viçosa/OSM_gis_osm_natural_a_free_1_Vila_Viçosa.zip;http://localhost:8000/data/%C3%89vora/Vila_Vi%C3%A7osa/OSM_gis_osm_natural_a_free_1_Vila_Vi%C3%A7osa.zip;HTTP 404
Vila Viçosa;Évora;OSM:gis_osm_places_a_free_1;data/Évora/Vila_Viçosa/OSM_gis_osm_places_a_free_1_Vila_Viçosa.zip;http://localhost:8000/data/%C3%89vora/Vila_Vi%C3%A7osa/OSM_gis_osm_places_a_free_1_Vila_Vi%C3%A7osa.zip;HTTP 404
Évora;Évora;OSM:gis_osm_natural_a_free_1;data/Évora/Évora/OSM_gis_osm_natural_a_free_1_Évora.zip;http://localhost:8000/data/%C3%89vora/%C3%89vora/OSM_gis_osm_natural_a_free_1_%C3%89vora.zip;HTTP 404
